Date,Customer_id,Customer_name,total_sales
2022-01-01,1002,OSRAM,534.39
2022-01-01,1006,Siltera,2156.67
2022-01-03,1006,Siltera,4213.32
2022-01-03,1004,Celestica,3638.83
2022-01-03,1005,Intel,2741.74
2022-01-04,1001,AT&S,3163.17
2022-01-04,1004,Celestica,3332.04
2022-01-04,1005,Intel,2436.87
2022-01-04,1006,Siltera,4673.77
2022-01-04,1002,OSRAM,2910.64
2022-01-05,1002,OSRAM,3337.82
2022-01-05,1005,Intel,3802.59
2022-01-05,1004,Celestica,4308.45
2022-01-05,1003,First Solar,1971.31
2022-01-05,1006,Siltera,1096.33
2022-01-07,1005,Intel,103.76
2022-01-07,1002,OSRAM,1902.79
2022-01-08,1003,First Solar,4336.89
2022-01-08,1006,Siltera,1428.75
2022-01-08,1004,Celestica,3493.39
2022-01-08,1002,OSRAM,229.16
2022-01-09,1005,Intel,1917.73
2022-01-11,1003,First Solar,3575.41
2022-01-14,1006,Siltera,2750.32
2022-01-14,1002,OSRAM,1213.38
2022-01-14,1005,Intel,1059.66
2022-01-14,1004,Celestica,177.75
2022-01-14,1003,First Solar,256.97
2022-01-15,1004,Celestica,1552.15
2022-01-15,1006,Siltera,4225.43
2022-01-15,1002,OSRAM,1786.91
2022-01-15,1003,First Solar,371.41
2022-01-15,1005,Intel,1106.48
2022-01-16,1005,Intel,4017.43
2022-01-16,1004,Celestica,2772.51
2022-01-16,1003,First Solar,1679.93
2022-01-17,1005,Intel,4398.26
2022-01-17,1004,Celestica,232.5
2022-01-17,1003,First Solar,2968.27
2022-01-17,1006,Siltera,4078.97
2022-01-17,1001,AT&S,161.36
2022-01-18,1002,OSRAM,2419.6
2022-01-18,1006,Siltera,4512.5
2022-01-18,1001,AT&S,959.37
2022-01-18,1004,Celestica,1343.38
2022-01-19,1001,AT&S,3871.66
2022-01-19,1005,Intel,1523.73
2022-01-19,1003,First Solar,2731.04
2022-01-19,1006,Siltera,1077.3
2022-01-19,1002,OSRAM,1164.58
2022-01-20,1002,OSRAM,4173.47
2022-01-21,1001,AT&S,3361.65
2022-01-21,1005,Intel,2275.02
2022-01-21,1004,Celestica,3815.31
2022-01-21,1002,OSRAM,1072.09
2022-01-21,1006,Siltera,246.97
2022-01-22,1003,First Solar,130.87
2022-01-22,1001,AT&S,404.95
2022-01-23,1004,Celestica,1011.21
2022-01-23,1006,Siltera,1556.19
2022-01-23,1003,First Solar,430.72
2022-01-23,1001,AT&S,4504.99
2022-01-24,1003,First Solar,4147.48
2022-01-24,1006,Siltera,3515.81
2022-01-24,1005,Intel,3447.57
2022-01-24,1004,Celestica,3530.48
2022-01-24,1001,AT&S,3218.65
2022-01-25,1002,OSRAM,4237.61
2022-01-26,1002,OSRAM,1310.5
2022-01-26,1006,Siltera,225.36
2022-01-27,1005,Intel,1413.17
2022-01-27,1002,OSRAM,2774.61
2022-01-29,1003,First Solar,3451.67
2022-01-29,1006,Siltera,3866.47
2022-01-29,1001,AT&S,1400.18
2022-01-31,1003,First Solar,2558.37
2022-01-31,1004,Celestica,756.88
2022-01-31,1005,Intel,3849.71
2022-02-01,1006,Siltera,3585.49
2022-02-01,1005,Intel,344.68
2022-02-01,1004,Celestica,4891.3
2022-02-02,1004,Celestica,1265.99
2022-02-02,1005,Intel,2894.93
2022-02-02,1001,AT&S,3297.61
2022-02-02,1003,First Solar,812.23
2022-02-02,1006,Siltera,3467.17
2022-02-03,1001,AT&S,849.94
2022-02-03,1003,First Solar,453.45
2022-02-04,1003,First Solar,1245.94
2022-02-05,1003,First Solar,2152.61
2022-02-05,1006,Siltera,2153.27
2022-02-05,1002,OSRAM,1026.94
2022-02-07,1004,Celestica,1453.17
2022-02-07,1002,OSRAM,4136.06
2022-02-08,1004,Celestica,1536.14
2022-02-08,1006,Siltera,3170.98
2022-02-08,1002,OSRAM,1584.13
2022-02-09,1003,First Solar,3715.84
2022-02-09,1006,Siltera,4757.84
2022-02-09,1005,Intel,4994.27
2022-02-10,1001,AT&S,2398.1
2022-02-10,1002,OSRAM,2081.73
2022-02-10,1005,Intel,3605.83
2022-02-11,1001,AT&S,2988.43
2022-02-11,1002,OSRAM,627.01
2022-02-11,1004,Celestica,3900.2
2022-02-12,1006,Siltera,2939.75
2022-02-13,1002,OSRAM,4365.68
2022-02-13,1003,First Solar,4455.73
2022-02-13,1001,AT&S,1491.98
2022-02-13,1004,Celestica,2112.96
2022-02-14,1003,First Solar,1547.95
2022-02-14,1006,Siltera,4060.8
2022-02-14,1004,Celestica,1713.14
2022-02-17,1001,AT&S,924.09
2022-02-17,1004,Celestica,1741.1
2022-02-17,1002,OSRAM,1115.77
2022-02-18,1005,Intel,629.94
2022-02-19,1006,Siltera,3041.15
2022-02-20,1003,First Solar,272.26
2022-02-20,1002,OSRAM,3341.27
2022-02-20,1005,Intel,2313.81
2022-02-20,1004,Celestica,4232.33
2022-02-20,1006,Siltera,3029.06
2022-02-21,1004,Celestica,3398.48
2022-02-21,1002,OSRAM,752.45
2022-02-21,1005,Intel,2362.68
2022-02-22,1003,First Solar,1616.13
2022-02-22,1001,AT&S,972.51
2022-02-25,1005,Intel,2056.11
2022-02-28,1002,OSRAM,1192.64
2022-03-02,1002,OSRAM,1230.06
2022-03-02,1004,Celestica,3559.44
2022-03-02,1005,Intel,3112.69
2022-03-02,1001,AT&S,3819.06
2022-03-02,1003,First Solar,2943.89
2022-03-03,1003,First Solar,3702.05
2022-03-03,1004,Celestica,2067.15
2022-03-03,1001,AT&S,3468.01
2022-03-03,1002,OSRAM,2682.0
2022-03-04,1005,Intel,1244.07
2022-03-04,1006,Siltera,3731.7
2022-03-04,1004,Celestica,4430.49
2022-03-06,1001,AT&S,808.33
2022-03-06,1005,Intel,2377.08
2022-03-09,1003,First Solar,2506.1
2022-03-09,1002,OSRAM,4353.61
2022-03-11,1006,Siltera,2714.28
2022-03-11,1004,Celestica,4447.89
2022-03-11,1003,First Solar,4979.4
2022-03-11,1005,Intel,2401.14
2022-03-11,1002,OSRAM,3404.08
2022-03-12,1003,First Solar,3009.07
2022-03-12,1005,Intel,1441.63
2022-03-12,1001,AT&S,1388.83
2022-03-12,1006,Siltera,1268.21
2022-03-13,1006,Siltera,1016.84
2022-03-13,1005,Intel,4602.39
2022-03-13,1003,First Solar,3248.76
2022-03-13,1004,Celestica,1034.32
2022-03-13,1002,OSRAM,538.87
2022-03-15,1004,Celestica,1056.38
2022-03-15,1003,First Solar,755.32
2022-03-15,1006,Siltera,4773.13
2022-03-16,1005,Intel,3299.84
2022-03-16,1001,AT&S,3996.54
2022-03-16,1002,OSRAM,1880.57
2022-03-16,1006,Siltera,3725.26
2022-03-16,1004,Celestica,2008.28
2022-03-17,1004,Celestica,646.22
2022-03-17,1001,AT&S,4465.03
2022-03-17,1003,First Solar,3830.03
2022-03-17,1006,Siltera,2096.55
2022-03-18,1003,First Solar,603.61
2022-03-18,1006,Siltera,4071.68
2022-03-19,1005,Intel,3332.2
2022-03-20,1002,OSRAM,1732.93
2022-03-20,1005,Intel,1315.43
2022-03-21,1003,First Solar,523.8
2022-03-22,1002,OSRAM,611.61
2022-03-23,1004,Celestica,4296.58
2022-03-23,1003,First Solar,3853.8
2022-03-25,1002,OSRAM,3839.13
2022-03-25,1003,First Solar,927.08
2022-03-25,1004,Celestica,3149.3
2022-03-27,1002,OSRAM,1641.19
2022-03-27,1001,AT&S,3876.84
2022-03-27,1006,Siltera,609.58
2022-03-27,1003,First Solar,2177.22
2022-03-27,1005,Intel,468.89
2022-03-28,1006,Siltera,4694.21
2022-03-29,1004,Celestica,4464.41
2022-03-29,1002,OSRAM,3290.04
2022-03-30,1004,Celestica,1792.41
2022-03-30,1006,Siltera,173.77
2022-03-31,1004,Celestica,887.52
2022-03-31,1006,Siltera,4752.03
2022-03-31,1003,First Solar,1003.98
2022-04-01,1001,AT&S,4001.49
2022-04-01,1003,First Solar,997.99
2022-04-02,1006,Siltera,3117.47
2022-04-02,1002,OSRAM,4563.16
2022-04-03,1004,Celestica,803.95
2022-04-03,1003,First Solar,4057.46
2022-04-03,1005,Intel,1237.1
2022-04-03,1006,Siltera,819.28
2022-04-03,1002,OSRAM,4750.75
2022-04-04,1003,First Solar,4542.06
2022-04-04,1005,Intel,2325.2
2022-04-04,1001,AT&S,2711.63
2022-04-06,1003,First Solar,1859.53
2022-04-06,1004,Celestica,3582.68
2022-04-08,1003,First Solar,4415.83
2022-04-09,1001,AT&S,2236.59
2022-04-09,1002,OSRAM,1752.11
2022-04-10,1004,Celestica,3549.61
2022-04-10,1006,Siltera,2468.5
2022-04-11,1006,Siltera,4125.39
2022-04-12,1005,Intel,926.21
2022-04-12,1006,Siltera,1385.94
2022-04-12,1003,First Solar,765.45
2022-04-13,1004,Celestica,4196.5
2022-04-13,1003,First Solar,4888.67
2022-04-13,1001,AT&S,4356.24
2022-04-13,1002,OSRAM,2457.29
2022-04-14,1001,AT&S,2833.66
2022-04-14,1006,Siltera,1490.42
2022-04-14,1005,Intel,1985.13
2022-04-14,1004,Celestica,2695.39
2022-04-15,1006,Siltera,2583.41
2022-04-15,1005,Intel,2645.1
2022-04-15,1003,First Solar,4370.83
2022-04-15,1004,Celestica,1445.39
2022-04-16,1001,AT&S,1122.84
2022-04-16,1003,First Solar,2620.91
2022-04-17,1001,AT&S,1794.11
2022-04-17,1004,Celestica,1517.4
2022-04-17,1006,Siltera,232.51
2022-04-18,1005,Intel,987.9
2022-04-18,1004,Celestica,4591.42
2022-04-20,1004,Celestica,3317.44
2022-04-20,1002,OSRAM,2942.11
2022-04-21,1004,Celestica,3324.67
2022-04-21,1006,Siltera,4036.44
2022-04-21,1001,AT&S,4809.69
2022-04-23,1005,Intel,1651.22
2022-04-23,1004,Celestica,3387.14
2022-04-23,1001,AT&S,134.24
2022-04-23,1003,First Solar,270.86
2022-04-23,1002,OSRAM,1304.74
2022-04-24,1005,Intel,3941.69
2022-04-24,1006,Siltera,790.71
2022-04-24,1001,AT&S,2863.92
2022-04-24,1004,Celestica,898.88
2022-04-25,1003,First Solar,2861.96
2022-04-26,1006,Siltera,3729.84
2022-04-26,1005,Intel,2407.76
2022-04-26,1002,OSRAM,1014.61
2022-04-26,1004,Celestica,739.05
2022-04-26,1001,AT&S,183.03
2022-04-27,1004,Celestica,2883.91
2022-04-27,1001,AT&S,4600.06
2022-04-27,1002,OSRAM,3941.39
2022-04-27,1003,First Solar,2302.47
2022-04-28,1002,OSRAM,375.28
2022-04-28,1003,First Solar,1396.81
2022-04-29,1001,AT&S,4145.13
2022-04-30,1005,Intel,1754.59
2022-04-30,1002,OSRAM,935.97
2022-04-30,1006,Siltera,1051.23
2022-04-30,1004,Celestica,3408.22
2022-04-30,1003,First Solar,4317.44
2022-05-01,1001,AT&S,3483.44
2022-05-01,1002,OSRAM,1784.91
2022-05-01,1006,Siltera,3743.01
2022-05-02,1002,OSRAM,1392.05
2022-05-02,1001,AT&S,1097.04
2022-05-03,1005,Intel,1649.1
2022-05-03,1003,First Solar,2250.27
2022-05-03,1004,Celestica,2767.19
2022-05-03,1001,AT&S,1395.54
2022-05-04,1004,Celestica,2250.83
2022-05-04,1005,Intel,1920.8
2022-05-04,1006,Siltera,2915.31
2022-05-06,1003,First Solar,3990.77
2022-05-06,1004,Celestica,3513.56
2022-05-07,1001,AT&S,4441.07
2022-05-07,1005,Intel,3542.72
2022-05-08,1002,OSRAM,989.66
2022-05-08,1006,Siltera,2151.79
2022-05-10,1003,First Solar,1001.31
2022-05-10,1005,Intel,4705.02
2022-05-10,1001,AT&S,3164.61
2022-05-10,1006,Siltera,4579.88
2022-05-10,1004,Celestica,1709.43
2022-05-11,1002,OSRAM,350.88
2022-05-12,1001,AT&S,4514.42
2022-05-12,1004,Celestica,188.08
2022-05-13,1004,Celestica,2821.72
2022-05-13,1006,Siltera,1855.35
2022-05-13,1001,AT&S,1256.75
2022-05-14,1003,First Solar,3899.04
2022-05-14,1001,AT&S,2252.51
2022-05-14,1006,Siltera,2766.88
2022-05-14,1004,Celestica,4309.54
2022-05-16,1005,Intel,388.57
2022-05-16,1002,OSRAM,1871.32
2022-05-16,1004,Celestica,4326.07
2022-05-16,1001,AT&S,1087.67
2022-05-16,1003,First Solar,1915.89
2022-05-17,1004,Celestica,3426.06
2022-05-17,1003,First Solar,185.01
2022-05-17,1001,AT&S,3507.67
2022-05-18,1003,First Solar,1023.66
2022-05-19,1002,OSRAM,3511.08
2022-05-20,1003,First Solar,2986.14
2022-05-20,1004,Celestica,380.35
2022-05-20,1006,Siltera,2624.91
2022-05-21,1002,OSRAM,4748.73
2022-05-21,1005,Intel,711.93
2022-05-21,1006,Siltera,3300.49
2022-05-21,1003,First Solar,4945.69
2022-05-21,1004,Celestica,913.08
2022-05-22,1002,OSRAM,290.92
2022-05-22,1004,Celestica,1342.88
2022-05-23,1005,Intel,4079.39
2022-05-24,1002,OSRAM,3714.4
2022-05-25,1002,OSRAM,3789.39
2022-05-25,1001,AT&S,1408.04
2022-05-25,1004,Celestica,2208.33
2022-05-25,1005,Intel,3746.67
2022-05-26,1001,AT&S,600.0
2022-05-26,1003,First Solar,993.03
2022-05-26,1002,OSRAM,277.16
2022-05-26,1006,Siltera,3183.62
2022-05-26,1005,Intel,3262.23
2022-05-27,1006,Siltera,1334.32
2022-05-27,1002,OSRAM,446.71
2022-05-28,1003,First Solar,656.81
2022-05-28,1006,Siltera,1137.99
2022-05-28,1001,AT&S,3548.23
2022-05-28,1005,Intel,280.15
2022-05-29,1002,OSRAM,4945.76
2022-05-29,1001,AT&S,982.41
2022-05-31,1003,First Solar,526.21
2022-05-31,1004,Celestica,485.23
2022-05-31,1002,OSRAM,346.0
2022-06-01,1003,First Solar,3084.69
2022-06-01,1002,OSRAM,2822.71
2022-06-02,1003,First Solar,3940.01
2022-06-02,1004,Celestica,4057.98
2022-06-02,1001,AT&S,4325.94
2022-06-02,1005,Intel,4056.03
2022-06-02,1002,OSRAM,4020.08
2022-06-04,1005,Intel,2148.92
2022-06-05,1003,First Solar,2737.64
2022-06-05,1006,Siltera,2613.39
2022-06-06,1003,First Solar,4465.49
2022-06-06,1002,OSRAM,3243.9
2022-06-06,1001,AT&S,104.51
2022-06-07,1006,Siltera,4723.2
2022-06-07,1003,First Solar,592.82
2022-06-08,1004,Celestica,1914.62
2022-06-08,1001,AT&S,1814.54
2022-06-08,1003,First Solar,3993.21
2022-06-09,1004,Celestica,1142.31
2022-06-09,1002,OSRAM,1397.69
2022-06-10,1005,Intel,923.77
2022-06-12,1001,AT&S,192.5
2022-06-13,1006,Siltera,182.74
2022-06-13,1002,OSRAM,2170.96
2022-06-13,1003,First Solar,985.22
2022-06-14,1004,Celestica,510.36
2022-06-15,1005,Intel,606.2
2022-06-15,1006,Siltera,2979.62
2022-06-16,1003,First Solar,2679.1
2022-06-16,1001,AT&S,3424.3
2022-06-16,1004,Celestica,2018.05
2022-06-16,1006,Siltera,2078.45
2022-06-16,1002,OSRAM,789.59
2022-06-17,1004,Celestica,3049.23
2022-06-17,1006,Siltera,2819.15
2022-06-17,1003,First Solar,4834.92
2022-06-17,1002,OSRAM,902.24
2022-06-17,1005,Intel,1257.08
2022-06-18,1003,First Solar,4705.28
2022-06-18,1006,Siltera,2430.54
2022-06-18,1004,Celestica,3545.53
2022-06-18,1005,Intel,3830.97
2022-06-19,1005,Intel,1793.38
2022-06-19,1004,Celestica,371.39
2022-06-19,1003,First Solar,836.83
2022-06-19,1001,AT&S,3307.7
2022-06-20,1001,AT&S,4089.66
2022-06-20,1004,Celestica,3109.46
2022-06-20,1005,Intel,3814.55
2022-06-20,1006,Siltera,3820.92
2022-06-21,1003,First Solar,2239.58
2022-06-21,1006,Siltera,343.4
2022-06-21,1002,OSRAM,560.14
2022-06-21,1001,AT&S,1291.13
2022-06-21,1005,Intel,2911.54
2022-06-22,1005,Intel,741.66
2022-06-22,1004,Celestica,4986.19
2022-06-23,1001,AT&S,2486.42
2022-06-23,1004,Celestica,1354.61
2022-06-23,1003,First Solar,1451.72
2022-06-24,1006,Siltera,2351.47
2022-06-24,1002,OSRAM,2919.65
2022-06-24,1001,AT&S,1324.09
2022-06-25,1006,Siltera,486.94
2022-06-25,1004,Celestica,4067.91
2022-06-25,1002,OSRAM,4246.87
2022-06-25,1003,First Solar,2642.56
2022-06-25,1001,AT&S,4801.47
2022-06-26,1004,Celestica,375.66
2022-06-28,1006,Siltera,4275.63
2022-06-28,1003,First Solar,4963.88
2022-06-28,1005,Intel,2235.09
2022-06-28,1004,Celestica,3712.93
2022-06-28,1001,AT&S,4673.89
2022-07-01,1001,AT&S,4823.62
2022-07-01,1006,Siltera,906.74
2022-07-03,1003,First Solar,155.25
2022-07-03,1005,Intel,487.22
2022-07-03,1006,Siltera,1850.28
2022-07-03,1001,AT&S,1761.15
2022-07-03,1004,Celestica,3395.35
2022-07-06,1002,OSRAM,3880.63
2022-07-06,1006,Siltera,1573.61
2022-07-06,1003,First Solar,2970.87
2022-07-06,1005,Intel,851.54
2022-07-07,1006,Siltera,2910.74
2022-07-07,1002,OSRAM,1892.54
2022-07-07,1001,AT&S,4453.73
2022-07-07,1003,First Solar,4706.69
2022-07-07,1005,Intel,3466.96
2022-07-08,1005,Intel,496.89
2022-07-08,1006,Siltera,4902.16
2022-07-08,1002,OSRAM,3296.03
2022-07-09,1004,Celestica,1569.63
2022-07-09,1002,OSRAM,4613.93
2022-07-09,1003,First Solar,4329.79
2022-07-10,1005,Intel,504.76
2022-07-10,1003,First Solar,1099.82
2022-07-10,1006,Siltera,2893.22
2022-07-11,1002,OSRAM,719.64
2022-07-11,1006,Siltera,837.6
2022-07-11,1004,Celestica,2892.2
2022-07-12,1002,OSRAM,1706.55
2022-07-12,1001,AT&S,208.63
2022-07-12,1005,Intel,1525.59
2022-07-13,1003,First Solar,4740.68
2022-07-13,1006,Siltera,3605.28
2022-07-13,1005,Intel,2977.08
2022-07-13,1002,OSRAM,2644.36
2022-07-14,1002,OSRAM,4680.67
2022-07-14,1006,Siltera,1478.75
2022-07-14,1005,Intel,2550.49
2022-07-14,1001,AT&S,1821.56
2022-07-15,1006,Siltera,2785.42
2022-07-16,1001,AT&S,4520.85
2022-07-16,1003,First Solar,2792.67
2022-07-16,1005,Intel,4418.51
2022-07-16,1004,Celestica,609.64
2022-07-16,1006,Siltera,4923.56
2022-07-17,1004,Celestica,323.65
2022-07-17,1002,OSRAM,3215.06
2022-07-17,1001,AT&S,4873.91
2022-07-17,1006,Siltera,1533.67
2022-07-17,1005,Intel,3350.8
2022-07-18,1001,AT&S,1443.08
2022-07-18,1002,OSRAM,4777.18
2022-07-18,1006,Siltera,3122.79
2022-07-19,1004,Celestica,1398.91
2022-07-19,1003,First Solar,628.36
2022-07-19,1002,OSRAM,2013.05
2022-07-19,1006,Siltera,2852.6
2022-07-19,1001,AT&S,3492.12
2022-07-20,1003,First Solar,2206.76
2022-07-20,1005,Intel,4994.21
2022-07-21,1006,Siltera,3104.5
2022-07-22,1001,AT&S,1399.14
2022-07-22,1006,Siltera,2310.7
2022-07-22,1003,First Solar,4166.94
2022-07-23,1006,Siltera,2466.45
2022-07-23,1005,Intel,1207.38
2022-07-23,1004,Celestica,3056.15
2022-07-23,1002,OSRAM,3911.99
2022-07-23,1001,AT&S,2891.02
2022-07-24,1002,OSRAM,4209.88
2022-07-24,1006,Siltera,222.94
2022-07-26,1004,Celestica,1204.44
2022-07-27,1004,Celestica,4961.46
2022-07-27,1001,AT&S,698.38
2022-07-27,1003,First Solar,2295.03
2022-07-28,1006,Siltera,2606.13
2022-07-28,1004,Celestica,2947.02
2022-07-28,1005,Intel,1724.7
2022-07-28,1003,First Solar,3038.82
2022-07-28,1001,AT&S,2165.09
2022-07-29,1004,Celestica,4993.35
2022-07-29,1005,Intel,4502.13
2022-07-29,1002,OSRAM,3099.21
2022-07-29,1003,First Solar,706.59
2022-07-31,1004,Celestica,2943.91
2022-07-31,1006,Siltera,2302.96
2022-07-31,1005,Intel,3559.95
2022-08-01,1006,Siltera,1098.05
2022-08-01,1004,Celestica,4853.32
2022-08-01,1002,OSRAM,4150.17
2022-08-01,1005,Intel,3869.04
2022-08-02,1003,First Solar,2311.62
2022-08-03,1004,Celestica,2535.08
2022-08-05,1002,OSRAM,2612.98
2022-08-05,1004,Celestica,1532.95
2022-08-05,1005,Intel,2746.39
2022-08-06,1004,Celestica,4331.06
2022-08-06,1006,Siltera,441.88
2022-08-06,1002,OSRAM,968.41
2022-08-08,1005,Intel,2942.46
2022-08-08,1004,Celestica,2628.22
2022-08-08,1006,Siltera,4660.26
2022-08-08,1001,AT&S,1363.87
2022-08-08,1002,OSRAM,957.42
2022-08-09,1006,Siltera,550.47
2022-08-11,1001,AT&S,3952.03
2022-08-11,1006,Siltera,965.68
2022-08-11,1003,First Solar,157.94
2022-08-12,1002,OSRAM,3062.03
2022-08-12,1003,First Solar,4003.33
2022-08-14,1001,AT&S,1970.29
2022-08-15,1002,OSRAM,2496.79
2022-08-16,1005,Intel,3340.65
2022-08-16,1006,Siltera,818.57
2022-08-17,1006,Siltera,4158.47
2022-08-17,1003,First Solar,2819.3
2022-08-17,1002,OSRAM,935.01
2022-08-18,1006,Siltera,2472.69
2022-08-18,1001,AT&S,1305.54
2022-08-18,1004,Celestica,211.28
2022-08-19,1006,Siltera,2330.57
2022-08-19,1004,Celestica,742.44
2022-08-19,1003,First Solar,643.4
2022-08-20,1002,OSRAM,997.35
2022-08-20,1003,First Solar,2614.45
2022-08-20,1005,Intel,3031.12
2022-08-21,1004,Celestica,809.96
2022-08-21,1001,AT&S,3227.73
2022-08-21,1002,OSRAM,4465.91
2022-08-22,1006,Siltera,385.7
2022-08-23,1002,OSRAM,2435.58
2022-08-23,1001,AT&S,1455.16
2022-08-23,1004,Celestica,2614.76
2022-08-24,1002,OSRAM,1478.77
2022-08-24,1003,First Solar,1236.92
2022-08-24,1001,AT&S,2842.45
2022-08-24,1004,Celestica,3769.91
2022-08-26,1004,Celestica,4705.13
2022-08-26,1006,Siltera,2231.79
2022-08-26,1003,First Solar,2710.24
2022-08-27,1002,OSRAM,3413.33
2022-08-28,1003,First Solar,755.42
2022-08-28,1002,OSRAM,3724.51
2022-08-28,1006,Siltera,2496.76
2022-08-30,1005,Intel,409.22
2022-08-30,1003,First Solar,4539.24
2022-08-30,1006,Siltera,2367.23
2022-08-30,1004,Celestica,2174.86
2022-08-31,1002,OSRAM,4252.33
2022-08-31,1003,First Solar,4885.32
2022-08-31,1001,AT&S,1528.93
2022-09-01,1005,Intel,4583.44
2022-09-01,1004,Celestica,2680.04
2022-09-01,1003,First Solar,1675.31
2022-09-02,1003,First Solar,2423.58
2022-09-02,1006,Siltera,2103.2
2022-09-02,1004,Celestica,3913.22
2022-09-02,1001,AT&S,2093.19
2022-09-03,1002,OSRAM,3549.45
2022-09-03,1005,Intel,4428.77
2022-09-03,1001,AT&S,4716.36
2022-09-03,1004,Celestica,1126.82
2022-09-03,1006,Siltera,2747.74
2022-09-04,1002,OSRAM,1290.86
2022-09-04,1001,AT&S,829.31
2022-09-04,1006,Siltera,2489.0
2022-09-04,1004,Celestica,268.84
2022-09-05,1003,First Solar,1812.34
2022-09-05,1005,Intel,376.41
2022-09-06,1001,AT&S,1306.06
2022-09-06,1002,OSRAM,3623.44
2022-09-06,1003,First Solar,2210.77
2022-09-06,1006,Siltera,4862.38
2022-09-07,1001,AT&S,2786.8
2022-09-07,1004,Celestica,2003.84
2022-09-08,1001,AT&S,2276.81
2022-09-08,1003,First Solar,595.51
2022-09-08,1006,Siltera,2820.19
2022-09-08,1004,Celestica,654.99
2022-09-08,1005,Intel,3683.39
2022-09-09,1001,AT&S,4517.3
2022-09-09,1003,First Solar,968.14
2022-09-09,1002,OSRAM,1258.9
2022-09-09,1006,Siltera,3814.34
2022-09-10,1005,Intel,3652.71
2022-09-10,1004,Celestica,3694.42
2022-09-10,1002,OSRAM,3691.72
2022-09-10,1003,First Solar,207.71
2022-09-10,1001,AT&S,1122.27
2022-09-11,1003,First Solar,1103.71
2022-09-12,1003,First Solar,3218.28
2022-09-12,1002,OSRAM,1305.0
2022-09-12,1005,Intel,1901.64
2022-09-12,1001,AT&S,905.01
2022-09-13,1003,First Solar,3191.77
2022-09-13,1004,Celestica,4736.22
2022-09-14,1006,Siltera,3042.06
2022-09-14,1004,Celestica,4586.15
2022-09-14,1005,Intel,3840.08
2022-09-15,1006,Siltera,3350.28
2022-09-15,1005,Intel,2596.01
2022-09-15,1002,OSRAM,3290.53
2022-09-16,1004,Celestica,3768.55
2022-09-16,1003,First Solar,1055.03
2022-09-16,1006,Siltera,3829.89
2022-09-16,1002,OSRAM,4384.04
2022-09-18,1005,Intel,4967.05
2022-09-18,1002,OSRAM,1667.92
2022-09-18,1006,Siltera,1798.04
2022-09-18,1001,AT&S,2922.7
2022-09-18,1004,Celestica,645.89
2022-09-19,1001,AT&S,4510.24
2022-09-19,1003,First Solar,2813.08
2022-09-19,1006,Siltera,3014.01
2022-09-19,1002,OSRAM,3808.14
2022-09-20,1005,Intel,1514.4
2022-09-20,1002,OSRAM,316.27
2022-09-20,1004,Celestica,4647.82
2022-09-20,1003,First Solar,1377.89
2022-09-21,1003,First Solar,3450.43
2022-09-22,1006,Siltera,738.64
2022-09-22,1004,Celestica,3209.9
2022-09-22,1005,Intel,479.19
2022-09-22,1002,OSRAM,4681.08
2022-09-23,1005,Intel,2536.3
2022-09-23,1001,AT&S,4214.71
2022-09-23,1003,First Solar,531.86
2022-09-24,1003,First Solar,3346.3
2022-09-24,1005,Intel,4940.96
2022-09-24,1004,Celestica,1039.75
2022-09-25,1006,Siltera,3625.33
2022-09-25,1005,Intel,4919.9
2022-09-25,1002,OSRAM,3973.65
2022-09-25,1001,AT&S,2157.82
2022-09-26,1003,First Solar,4126.19
2022-09-26,1004,Celestica,2352.46
2022-09-26,1005,Intel,3672.16
2022-09-26,1001,AT&S,2981.45
2022-09-26,1002,OSRAM,4745.92
2022-09-27,1004,Celestica,1731.7
2022-09-27,1002,OSRAM,1578.69
2022-09-27,1003,First Solar,4429.81
2022-09-27,1006,Siltera,3782.89
2022-09-28,1004,Celestica,3178.74
2022-09-28,1006,Siltera,4182.77
2022-09-28,1002,OSRAM,4459.76
2022-09-28,1001,AT&S,1061.06
2022-09-28,1003,First Solar,3007.09
2022-09-29,1003,First Solar,1383.19
2022-09-29,1005,Intel,2903.93
2022-09-29,1001,AT&S,2709.45
2022-09-30,1001,AT&S,4975.57
2022-10-02,1006,Siltera,1920.41
2022-10-02,1002,OSRAM,3841.66
2022-10-02,1004,Celestica,3845.11
2022-10-02,1001,AT&S,979.17
2022-10-02,1005,Intel,100.71
2022-10-03,1005,Intel,478.08
2022-10-03,1001,AT&S,4827.42
2022-10-03,1003,First Solar,212.33
2022-10-03,1002,OSRAM,1776.22
2022-10-04,1003,First Solar,1915.5
2022-10-04,1002,OSRAM,1828.65
2022-10-04,1001,AT&S,2133.54
2022-10-04,1004,Celestica,2268.63
2022-10-05,1006,Siltera,2368.69
2022-10-06,1003,First Solar,1181.24
2022-10-06,1006,Siltera,157.83
2022-10-06,1001,AT&S,4737.15
2022-10-07,1001,AT&S,3580.29
2022-10-07,1006,Siltera,4115.76
2022-10-07,1002,OSRAM,1394.1
2022-10-07,1004,Celestica,1000.59
2022-10-07,1005,Intel,3009.29
2022-10-08,1005,Intel,1619.55
2022-10-08,1004,Celestica,4394.96
2022-10-08,1003,First Solar,1156.77
2022-10-08,1002,OSRAM,3297.42
2022-10-08,1001,AT&S,3687.44
2022-10-09,1004,Celestica,2195.07
2022-10-09,1001,AT&S,4254.74
2022-10-09,1002,OSRAM,4804.57
2022-10-09,1005,Intel,2239.25
2022-10-09,1006,Siltera,668.82
2022-10-10,1003,First Solar,4447.68
2022-10-12,1005,Intel,1817.39
2022-10-12,1002,OSRAM,4621.6
2022-10-13,1001,AT&S,2079.37
2022-10-13,1002,OSRAM,2492.72
2022-10-13,1004,Celestica,1340.7
2022-10-13,1005,Intel,4549.99
2022-10-14,1006,Siltera,1208.86
2022-10-14,1003,First Solar,611.28
2022-10-14,1001,AT&S,2868.03
2022-10-14,1005,Intel,1416.71
2022-10-14,1004,Celestica,1523.99
2022-10-15,1001,AT&S,1687.81
2022-10-15,1003,First Solar,461.94
2022-10-15,1006,Siltera,2836.86
2022-10-18,1005,Intel,4552.12
2022-10-18,1002,OSRAM,207.82
2022-10-19,1006,Siltera,3676.78
2022-10-19,1001,AT&S,2540.13
2022-10-19,1002,OSRAM,3501.98
2022-10-20,1001,AT&S,3619.99
2022-10-20,1002,OSRAM,2746.56
2022-10-21,1003,First Solar,2350.43
2022-10-21,1001,AT&S,2452.47
2022-10-21,1004,Celestica,265.38
2022-10-22,1003,First Solar,1674.26
2022-10-22,1004,Celestica,2714.65
2022-10-23,1006,Siltera,4997.71
2022-10-23,1003,First Solar,2682.92
2022-10-23,1001,AT&S,2309.68
2022-10-24,1006,Siltera,3976.79
2022-10-24,1001,AT&S,2434.16
2022-10-24,1005,Intel,2789.6
2022-10-26,1006,Siltera,4259.34
2022-10-26,1003,First Solar,455.27
2022-10-29,1003,First Solar,2141.38
2022-10-29,1002,OSRAM,2617.46
2022-10-29,1006,Siltera,3174.93
2022-10-29,1005,Intel,3804.16
2022-10-29,1004,Celestica,1586.03
2022-10-30,1002,OSRAM,350.65
2022-10-30,1003,First Solar,3893.7
2022-10-30,1001,AT&S,2497.89
2022-10-30,1005,Intel,3268.75
2022-10-30,1006,Siltera,4043.0
2022-10-31,1005,Intel,2850.69
2022-10-31,1002,OSRAM,2251.05
2022-10-31,1003,First Solar,4282.66
2022-11-01,1002,OSRAM,4884.53
2022-11-01,1004,Celestica,3021.89
2022-11-01,1003,First Solar,360.35
2022-11-01,1005,Intel,2467.5
2022-11-03,1006,Siltera,4666.24
2022-11-03,1001,AT&S,1304.89
2022-11-03,1002,OSRAM,3365.02
2022-11-05,1006,Siltera,4933.79
2022-11-06,1001,AT&S,4391.33
2022-11-06,1006,Siltera,1801.34
2022-11-07,1003,First Solar,4813.41
2022-11-07,1002,OSRAM,4642.91
2022-11-07,1006,Siltera,3482.7
2022-11-07,1001,AT&S,3976.95
2022-11-07,1004,Celestica,1489.74
2022-11-08,1005,Intel,4591.06
2022-11-08,1003,First Solar,696.04
2022-11-08,1001,AT&S,3773.92
2022-11-10,1001,AT&S,4883.67
2022-11-10,1002,OSRAM,2616.11
2022-11-10,1004,Celestica,4758.62
2022-11-11,1006,Siltera,1079.74
2022-11-12,1005,Intel,2270.94
2022-11-12,1006,Siltera,4099.54
2022-11-13,1004,Celestica,275.84
2022-11-14,1004,Celestica,3498.56
2022-11-14,1005,Intel,3385.78
2022-11-16,1006,Siltera,2276.81
2022-11-16,1003,First Solar,1309.36
2022-11-16,1005,Intel,2287.0
2022-11-17,1006,Siltera,2180.78
2022-11-17,1004,Celestica,2612.93
2022-11-18,1005,Intel,678.23
2022-11-18,1004,Celestica,3969.37
2022-11-18,1006,Siltera,2973.71
2022-11-18,1002,OSRAM,2228.14
2022-11-18,1003,First Solar,2353.64
2022-11-19,1004,Celestica,566.58
2022-11-19,1002,OSRAM,3385.94
2022-11-20,1003,First Solar,4159.68
2022-11-20,1001,AT&S,1511.94
2022-11-21,1003,First Solar,1249.68
2022-11-21,1004,Celestica,457.1
2022-11-21,1001,AT&S,4929.8
2022-11-21,1005,Intel,3428.31
2022-11-21,1006,Siltera,2973.5
2022-11-22,1001,AT&S,367.18
2022-11-22,1003,First Solar,4921.43
2022-11-22,1004,Celestica,2071.62
2022-11-23,1002,OSRAM,4120.49
2022-11-23,1006,Siltera,370.54
2022-11-24,1006,Siltera,3574.22
2022-11-24,1004,Celestica,1398.08
2022-11-24,1002,OSRAM,2394.1
2022-11-24,1001,AT&S,2258.05
2022-11-24,1003,First Solar,2598.99
2022-11-25,1001,AT&S,696.96
2022-11-25,1003,First Solar,1930.52
2022-11-26,1006,Siltera,1135.31
2022-11-26,1004,Celestica,2887.56
2022-11-26,1003,First Solar,2063.16
2022-11-26,1005,Intel,3216.86
2022-11-26,1001,AT&S,3366.93
2022-11-27,1002,OSRAM,2169.67
2022-11-27,1003,First Solar,3440.46
2022-11-27,1006,Siltera,1891.43
2022-11-28,1002,OSRAM,3711.46
2022-11-29,1004,Celestica,1820.47
2022-11-30,1004,Celestica,4069.33
2022-11-30,1001,AT&S,4282.54
2022-11-30,1003,First Solar,1214.44
2022-11-30,1005,Intel,2542.58
2022-12-03,1002,OSRAM,1166.84
2022-12-03,1005,Intel,624.39
2022-12-03,1003,First Solar,707.98
2022-12-04,1001,AT&S,1668.15
2022-12-04,1005,Intel,2104.62
2022-12-04,1003,First Solar,4444.84
2022-12-04,1004,Celestica,3054.68
2022-12-05,1004,Celestica,2699.8
2022-12-05,1002,OSRAM,3659.37
2022-12-05,1006,Siltera,2722.56
2022-12-05,1005,Intel,136.34
2022-12-05,1001,AT&S,811.96
2022-12-06,1003,First Solar,1384.0
2022-12-07,1001,AT&S,2859.27
2022-12-07,1006,Siltera,1796.08
2022-12-08,1006,Siltera,365.0
2022-12-08,1001,AT&S,1340.86
2022-12-08,1005,Intel,2702.49
2022-12-08,1004,Celestica,2161.0
2022-12-08,1002,OSRAM,2122.46
2022-12-09,1006,Siltera,4269.46
2022-12-09,1004,Celestica,2118.09
2022-12-09,1005,Intel,4664.11
2022-12-09,1001,AT&S,4348.2
2022-12-10,1003,First Solar,4600.35
2022-12-10,1006,Siltera,4982.31
2022-12-10,1005,Intel,2274.07
2022-12-11,1003,First Solar,3776.51
2022-12-11,1002,OSRAM,1961.77
2022-12-11,1004,Celestica,4731.77
2022-12-12,1005,Intel,378.49
2022-12-12,1002,OSRAM,839.01
2022-12-12,1006,Siltera,4931.75
2022-12-12,1001,AT&S,162.6
2022-12-12,1003,First Solar,3517.44
2022-12-14,1004,Celestica,1526.47
2022-12-14,1002,OSRAM,445.33
2022-12-14,1006,Siltera,1994.5
2022-12-15,1004,Celestica,2507.52
2022-12-15,1005,Intel,4332.62
2022-12-15,1002,OSRAM,3551.36
2022-12-15,1006,Siltera,3596.23
2022-12-15,1003,First Solar,4424.9
2022-12-16,1003,First Solar,3347.3
2022-12-16,1002,OSRAM,4971.87
2022-12-16,1005,Intel,1659.44
2022-12-16,1004,Celestica,162.51
2022-12-16,1001,AT&S,1472.44
2022-12-17,1004,Celestica,4503.95
2022-12-17,1001,AT&S,4077.71
2022-12-18,1001,AT&S,3099.47
2022-12-18,1004,Celestica,4815.11
2022-12-18,1002,OSRAM,380.77
2022-12-18,1003,First Solar,4160.88
2022-12-19,1002,OSRAM,2841.5
2022-12-20,1005,Intel,4618.04
2022-12-20,1002,OSRAM,2850.16
2022-12-21,1004,Celestica,971.67
2022-12-21,1003,First Solar,162.09
2022-12-22,1002,OSRAM,4463.88
2022-12-22,1001,AT&S,506.62
2022-12-23,1006,Siltera,2842.93
2022-12-24,1006,Siltera,1667.79
2022-12-24,1001,AT&S,3906.31
2022-12-24,1004,Celestica,2400.48
2022-12-25,1006,Siltera,1133.68
2022-12-25,1002,OSRAM,2521.49
2022-12-25,1004,Celestica,3747.46
2022-12-25,1001,AT&S,859.13
2022-12-25,1003,First Solar,3278.3
2022-12-26,1004,Celestica,3125.92
2022-12-26,1002,OSRAM,265.81
2022-12-26,1006,Siltera,3786.01
2022-12-27,1002,OSRAM,4870.15
2022-12-27,1006,Siltera,208.67
2022-12-27,1001,AT&S,1409.22
2022-12-28,1004,Celestica,2986.71
2022-12-28,1003,First Solar,3573.47
2022-12-29,1005,Intel,1603.02
2022-12-29,1002,OSRAM,4185.28
2022-12-29,1001,AT&S,260.98
2022-12-29,1006,Siltera,2268.52
2022-12-29,1004,Celestica,1560.65
2022-12-31,1001,AT&S,3132.86
2022-12-31,1006,Siltera,2702.82
2022-12-31,1002,OSRAM,3745.97
2022-12-31,1004,Celestica,4336.03
2023-01-01,1005,Intel,802.58
2023-01-01,1006,Siltera,1375.92
2023-01-01,1002,OSRAM,1435.6
2023-01-01,1003,First Solar,1952.29
2023-01-02,1004,Celestica,2825.62
2023-01-02,1006,Siltera,3822.8
2023-01-08,1001,AT&S,2086.93
2023-01-08,1004,Celestica,4065.83
2023-01-08,1003,First Solar,3158.35
2023-01-08,1006,Siltera,2166.31
2023-01-09,1006,Siltera,1798.52
2023-01-11,1002,OSRAM,3155.57
2023-01-11,1001,AT&S,3771.73
2023-01-11,1003,First Solar,1978.37
2023-01-12,1006,Siltera,2017.76
2023-01-12,1003,First Solar,4799.69
2023-01-15,1004,Celestica,3872.29
2023-01-15,1001,AT&S,1734.98
2023-01-15,1002,OSRAM,2245.36
2023-01-15,1003,First Solar,772.36
2023-01-16,1002,OSRAM,729.37
2023-01-16,1006,Siltera,2895.87
2023-01-16,1001,AT&S,4105.04
2023-01-16,1004,Celestica,4838.55
2023-01-16,1003,First Solar,1829.26
2023-01-17,1003,First Solar,3275.63
2023-01-17,1001,AT&S,4342.1
2023-01-17,1006,Siltera,3284.9
2023-01-19,1006,Siltera,2076.64
2023-01-19,1001,AT&S,114.64
2023-01-19,1005,Intel,4049.61
2023-01-19,1004,Celestica,4490.61
2023-01-19,1003,First Solar,4392.29
2023-01-20,1004,Celestica,4643.67
2023-01-20,1005,Intel,3051.13
2023-01-20,1003,First Solar,3893.43
2023-01-20,1006,Siltera,566.44
2023-01-21,1006,Siltera,2154.01
2023-01-21,1001,AT&S,3908.35
2023-01-21,1004,Celestica,2510.97
2023-01-21,1003,First Solar,1747.75
2023-01-21,1005,Intel,3533.19
2023-01-22,1001,AT&S,3924.37
2023-01-22,1003,First Solar,3889.83
2023-01-22,1006,Siltera,179.56
2023-01-22,1005,Intel,4848.54
2023-01-22,1004,Celestica,767.44
2023-01-24,1002,OSRAM,4321.27
2023-01-25,1004,Celestica,2737.17
2023-01-25,1002,OSRAM,4756.74
2023-01-25,1001,AT&S,3692.24
2023-01-26,1003,First Solar,3092.58
2023-01-26,1006,Siltera,3992.36
2023-01-26,1005,Intel,2369.97
2023-01-26,1004,Celestica,1130.12
2023-01-26,1001,AT&S,3644.28
2023-01-27,1006,Siltera,640.14
2023-01-27,1005,Intel,2018.13
2023-01-27,1002,OSRAM,1091.89
2023-01-27,1004,Celestica,2136.42
2023-01-27,1001,AT&S,1966.25
2023-01-29,1003,First Solar,4022.64
2023-01-29,1005,Intel,1204.71
2023-01-30,1005,Intel,312.83
2023-01-30,1001,AT&S,2137.92
2023-01-31,1001,AT&S,1826.1
2023-01-31,1002,OSRAM,4488.73
2023-02-01,1001,AT&S,4573.2
2023-02-01,1006,Siltera,4487.44
2023-02-02,1004,Celestica,259.24
2023-02-02,1005,Intel,580.79
2023-02-02,1002,OSRAM,540.84
2023-02-02,1001,AT&S,4613.06
2023-02-03,1006,Siltera,4800.38
2023-02-03,1001,AT&S,1197.19
2023-02-04,1003,First Solar,941.62
2023-02-04,1006,Siltera,3989.64
2023-02-05,1006,Siltera,4198.61
2023-02-05,1004,Celestica,1128.51
2023-02-07,1004,Celestica,4431.78
2023-02-07,1001,AT&S,1194.39
2023-02-07,1002,OSRAM,1583.75
2023-02-07,1006,Siltera,2919.75
2023-02-07,1003,First Solar,1536.61
2023-02-08,1006,Siltera,4910.79
2023-02-08,1003,First Solar,4611.88
2023-02-08,1002,OSRAM,2892.32
2023-02-08,1001,AT&S,273.63
2023-02-08,1005,Intel,4936.47
2023-02-09,1005,Intel,303.05
2023-02-09,1004,Celestica,3223.96
2023-02-09,1003,First Solar,308.51
2023-02-09,1001,AT&S,3172.76
2023-02-09,1002,OSRAM,1198.49
2023-02-10,1004,Celestica,1716.06
2023-02-10,1003,First Solar,1826.03
2023-02-10,1005,Intel,2968.6
2023-02-10,1006,Siltera,4103.86
2023-02-11,1004,Celestica,3395.01
2023-02-11,1001,AT&S,3261.37
2023-02-12,1004,Celestica,3186.97
2023-02-12,1002,OSRAM,4393.85
2023-02-12,1001,AT&S,1999.37
2023-02-12,1006,Siltera,3971.2
2023-02-12,1005,Intel,2896.04
2023-02-13,1001,AT&S,4584.53
2023-02-13,1002,OSRAM,1314.97
2023-02-13,1003,First Solar,4519.57
2023-02-13,1006,Siltera,3699.42
2023-02-13,1005,Intel,3225.02
2023-02-16,1006,Siltera,801.36
2023-02-16,1003,First Solar,3432.47
2023-02-16,1004,Celestica,1678.28
2023-02-16,1002,OSRAM,4192.35
2023-02-17,1001,AT&S,2392.43
2023-02-17,1004,Celestica,1637.54
2023-02-17,1003,First Solar,4081.03
2023-02-18,1004,Celestica,2282.37
2023-02-18,1006,Siltera,2282.08
2023-02-19,1005,Intel,3806.32
2023-02-19,1006,Siltera,1139.58
2023-02-19,1004,Celestica,2474.65
2023-02-19,1002,OSRAM,4755.72
2023-02-20,1001,AT&S,3457.71
2023-02-20,1004,Celestica,3147.6
2023-02-21,1002,OSRAM,2522.07
2023-02-21,1004,Celestica,3207.12
2023-02-21,1003,First Solar,1152.66
2023-02-21,1006,Siltera,4923.22
2023-02-21,1001,AT&S,4706.54
2023-02-22,1005,Intel,4906.5
2023-02-22,1002,OSRAM,4468.65
2023-02-23,1005,Intel,4966.98
2023-02-23,1002,OSRAM,3757.69
2023-02-24,1004,Celestica,4501.81
2023-02-24,1001,AT&S,176.11
2023-02-25,1003,First Solar,946.82
2023-02-26,1005,Intel,3885.58
2023-02-26,1006,Siltera,1044.82
2023-02-26,1003,First Solar,1584.05
2023-02-26,1004,Celestica,3194.34
2023-02-26,1001,AT&S,1044.69
2023-02-27,1004,Celestica,1846.03
2023-02-28,1005,Intel,2950.35
2023-02-28,1001,AT&S,3498.8
2023-02-28,1003,First Solar,2377.82
2023-02-28,1004,Celestica,2551.56
2023-02-28,1006,Siltera,1581.19
2023-03-01,1002,OSRAM,259.79
2023-03-01,1001,AT&S,3244.86
2023-03-02,1003,First Solar,2833.13
2023-03-03,1006,Siltera,4570.81
2023-03-03,1001,AT&S,3764.3
2023-03-04,1006,Siltera,1283.88
2023-03-04,1002,OSRAM,2401.86
2023-03-05,1001,AT&S,4297.76
2023-03-06,1003,First Solar,130.36
2023-03-06,1002,OSRAM,4283.98
2023-03-06,1001,AT&S,3086.77
2023-03-06,1005,Intel,4292.26
2023-03-06,1006,Siltera,1408.54
2023-03-08,1006,Siltera,2391.57
2023-03-08,1001,AT&S,2017.18
2023-03-08,1003,First Solar,576.17
2023-03-09,1006,Siltera,1962.61
2023-03-09,1002,OSRAM,2422.97
2023-03-09,1001,AT&S,1809.41
2023-03-10,1001,AT&S,2524.68
2023-03-10,1003,First Solar,2784.73
2023-03-11,1006,Siltera,929.35
2023-03-11,1004,Celestica,1897.97
2023-03-11,1005,Intel,2340.41
2023-03-11,1003,First Solar,283.76
2023-03-12,1003,First Solar,2238.52
2023-03-12,1004,Celestica,2770.31
2023-03-12,1005,Intel,814.21
2023-03-12,1002,OSRAM,112.31
2023-03-13,1003,First Solar,2185.01
2023-03-14,1003,First Solar,3918.62
2023-03-15,1006,Siltera,2174.88
2023-03-17,1003,First Solar,1944.32
2023-03-17,1006,Siltera,4238.11
2023-03-18,1002,OSRAM,2674.68
2023-03-18,1006,Siltera,3968.84
2023-03-18,1004,Celestica,1313.49
2023-03-18,1005,Intel,2430.44
2023-03-19,1001,AT&S,4275.65
2023-03-19,1006,Siltera,3387.78
2023-03-19,1005,Intel,4360.96
2023-03-20,1002,OSRAM,3714.87
2023-03-20,1006,Siltera,4628.87
2023-03-21,1001,AT&S,4980.31
2023-03-22,1004,Celestica,4383.7
2023-03-22,1002,OSRAM,4629.93
2023-03-22,1003,First Solar,3292.8
2023-03-22,1006,Siltera,2962.26
2023-03-23,1004,Celestica,1365.45
2023-03-24,1004,Celestica,2877.64
2023-03-24,1006,Siltera,1975.77
2023-03-24,1003,First Solar,2358.99
2023-03-25,1003,First Solar,1141.72
2023-03-25,1006,Siltera,1291.47
2023-03-25,1005,Intel,4357.27
2023-03-25,1004,Celestica,1784.92
2023-03-25,1001,AT&S,4503.06
2023-03-26,1006,Siltera,1427.97
2023-03-26,1002,OSRAM,3119.77
2023-03-26,1003,First Solar,2945.2
2023-03-26,1001,AT&S,201.93
2023-03-27,1003,First Solar,2726.31
2023-03-27,1001,AT&S,3195.33
2023-03-27,1006,Siltera,1532.17
2023-03-27,1005,Intel,4039.26
2023-03-27,1004,Celestica,1928.9
2023-03-28,1002,OSRAM,4833.55
2023-03-29,1004,Celestica,2137.63
2023-03-29,1001,AT&S,514.75
2023-03-29,1006,Siltera,1097.8
2023-03-29,1003,First Solar,3229.55
2023-03-29,1002,OSRAM,1829.99
2023-03-30,1006,Siltera,1575.22
2023-03-30,1004,Celestica,4332.11
2023-03-30,1003,First Solar,3548.9
2023-03-31,1004,Celestica,4109.23
2023-04-01,1004,Celestica,3777.27
2023-04-02,1004,Celestica,4500.29
2023-04-02,1002,OSRAM,2280.88
2023-04-02,1001,AT&S,231.3
2023-04-03,1001,AT&S,3901.78
2023-04-03,1004,Celestica,106.67
2023-04-03,1003,First Solar,4097.39
2023-04-03,1005,Intel,1250.66
2023-04-04,1003,First Solar,3703.38
2023-04-04,1004,Celestica,618.72
2023-04-04,1001,AT&S,4057.65
2023-04-05,1005,Intel,2886.31
2023-04-05,1004,Celestica,1539.83
2023-04-05,1003,First Solar,744.12
2023-04-05,1001,AT&S,3726.43
2023-04-06,1006,Siltera,254.63
2023-04-06,1004,Celestica,3771.19
2023-04-07,1001,AT&S,1944.77
2023-04-07,1004,Celestica,229.04
2023-04-07,1003,First Solar,3893.34
2023-04-08,1004,Celestica,1548.61
2023-04-08,1006,Siltera,4729.51
2023-04-09,1006,Siltera,3027.09
2023-04-09,1005,Intel,2075.67
2023-04-09,1001,AT&S,4451.72
2023-04-10,1002,OSRAM,699.76
2023-04-10,1003,First Solar,4309.9
2023-04-11,1006,Siltera,2459.39
2023-04-11,1004,Celestica,3116.57
2023-04-11,1001,AT&S,1138.23
2023-04-11,1005,Intel,727.46
2023-04-11,1002,OSRAM,1503.01
2023-04-13,1003,First Solar,3518.31
2023-04-13,1005,Intel,980.63
2023-04-13,1002,OSRAM,608.88
2023-04-13,1001,AT&S,2600.26
2023-04-14,1002,OSRAM,3125.76
2023-04-14,1001,AT&S,721.03
2023-04-14,1003,First Solar,824.87
2023-04-14,1005,Intel,4183.45
2023-04-14,1006,Siltera,582.05
2023-04-15,1002,OSRAM,1360.42
2023-04-15,1001,AT&S,2300.17
2023-04-15,1003,First Solar,521.56
2023-04-16,1004,Celestica,2418.84
2023-04-16,1005,Intel,445.28
2023-04-16,1006,Siltera,1263.92
2023-04-16,1002,OSRAM,906.28
2023-04-16,1001,AT&S,4666.36
2023-04-17,1006,Siltera,181.07
2023-04-17,1005,Intel,548.54
2023-04-17,1004,Celestica,861.55
2023-04-17,1003,First Solar,1419.43
2023-04-17,1001,AT&S,4103.82
2023-04-18,1002,OSRAM,4615.79
2023-04-19,1005,Intel,4779.84
2023-04-20,1005,Intel,3068.02
2023-04-20,1001,AT&S,3898.94
2023-04-22,1004,Celestica,4104.79
2023-04-22,1002,OSRAM,3534.73
2023-04-22,1003,First Solar,1201.0
2023-04-24,1005,Intel,3810.72
2023-04-24,1003,First Solar,781.85
2023-04-25,1002,OSRAM,2145.09
2023-04-26,1003,First Solar,3257.56
2023-04-26,1001,AT&S,4662.1
2023-04-27,1003,First Solar,1732.98
2023-04-27,1004,Celestica,1247.21
2023-04-28,1001,AT&S,435.19
2023-04-28,1003,First Solar,1591.71
2023-04-28,1006,Siltera,4327.66
2023-04-28,1002,OSRAM,3362.08
2023-04-29,1002,OSRAM,1543.22
2023-04-29,1003,First Solar,1912.63
2023-04-29,1001,AT&S,1924.73
2023-04-29,1004,Celestica,463.17
2023-04-29,1006,Siltera,4387.26
2023-04-30,1004,Celestica,2628.81
2023-04-30,1005,Intel,4112.41
2023-04-30,1001,AT&S,1028.11
2023-05-01,1004,Celestica,1705.91
2023-05-01,1003,First Solar,1657.68
2023-05-01,1006,Siltera,1397.98
2023-05-02,1005,Intel,1126.52
2023-05-04,1003,First Solar,928.93
2023-05-04,1001,AT&S,4037.81
2023-05-04,1004,Celestica,4806.67
2023-05-04,1006,Siltera,286.61
2023-05-06,1001,AT&S,1443.98
2023-05-06,1004,Celestica,314.78
2023-05-06,1003,First Solar,2753.67
2023-05-06,1006,Siltera,1184.04
2023-05-07,1001,AT&S,3016.82
2023-05-07,1005,Intel,265.76
2023-05-07,1006,Siltera,3704.03
2023-05-08,1004,Celestica,4943.54
2023-05-08,1003,First Solar,511.92
2023-05-10,1004,Celestica,3724.95
2023-05-10,1001,AT&S,3674.5
2023-05-10,1003,First Solar,2722.55
2023-05-10,1006,Siltera,753.35
2023-05-10,1005,Intel,4323.65
2023-05-11,1001,AT&S,3977.71
2023-05-11,1005,Intel,1045.31
2023-05-11,1002,OSRAM,934.55
2023-05-11,1004,Celestica,1559.97
2023-05-12,1001,AT&S,3817.02
2023-05-12,1002,OSRAM,2433.32
2023-05-14,1005,Intel,4639.76
2023-05-15,1001,AT&S,4986.76
2023-05-15,1005,Intel,812.41
2023-05-15,1004,Celestica,3608.6
2023-05-16,1001,AT&S,2469.28
2023-05-16,1003,First Solar,3313.54
2023-05-16,1002,OSRAM,3959.52
2023-05-16,1006,Siltera,1016.01
2023-05-17,1004,Celestica,1514.92
2023-05-17,1003,First Solar,2316.72
2023-05-17,1002,OSRAM,3311.75
2023-05-18,1002,OSRAM,3172.19
2023-05-18,1003,First Solar,3615.87
2023-05-19,1005,Intel,4492.48
2023-05-19,1004,Celestica,903.87
2023-05-19,1002,OSRAM,781.81
2023-05-19,1003,First Solar,4521.67
2023-05-19,1006,Siltera,4031.24
2023-05-20,1001,AT&S,4515.2
2023-05-21,1001,AT&S,848.34
2023-05-22,1005,Intel,1616.61
2023-05-22,1006,Siltera,1895.73
2023-05-22,1003,First Solar,2326.71
2023-05-22,1001,AT&S,3145.59
2023-05-22,1004,Celestica,1362.4
2023-05-23,1001,AT&S,3056.95
2023-05-23,1006,Siltera,4887.49
2023-05-23,1003,First Solar,253.24
2023-05-23,1002,OSRAM,4508.15
2023-05-23,1004,Celestica,1082.37
2023-05-24,1002,OSRAM,4074.49
2023-05-24,1001,AT&S,757.89
2023-05-24,1003,First Solar,3103.19
2023-05-25,1004,Celestica,2431.75
2023-05-25,1006,Siltera,2367.74
2023-05-25,1003,First Solar,1843.66
2023-05-25,1005,Intel,1895.35
2023-05-26,1004,Celestica,2269.64
2023-05-26,1001,AT&S,4811.02
2023-05-26,1002,OSRAM,1255.93
2023-05-26,1003,First Solar,4132.3
2023-05-26,1005,Intel,1136.76
2023-05-28,1006,Siltera,2950.25
2023-05-29,1006,Siltera,4690.36
2023-05-29,1001,AT&S,4011.0
2023-05-29,1003,First Solar,2251.32
2023-05-30,1003,First Solar,2319.33
2023-05-30,1006,Siltera,2364.09
2023-05-30,1005,Intel,4044.84
2023-05-30,1002,OSRAM,4253.29
2023-05-30,1001,AT&S,4448.55
2023-06-02,1005,Intel,1813.45
2023-06-02,1003,First Solar,2035.05
2023-06-03,1006,Siltera,527.43
2023-06-03,1002,OSRAM,4429.25
2023-06-03,1005,Intel,3747.53
2023-06-03,1003,First Solar,4018.12
2023-06-03,1001,AT&S,3610.65
2023-06-04,1004,Celestica,568.56
2023-06-04,1006,Siltera,4943.75
2023-06-04,1002,OSRAM,4023.08
2023-06-04,1003,First Solar,2998.14
2023-06-05,1004,Celestica,3803.77
2023-06-05,1002,OSRAM,3955.34
2023-06-05,1006,Siltera,604.83
2023-06-05,1001,AT&S,3426.24
2023-06-06,1006,Siltera,3242.25
2023-06-06,1001,AT&S,1647.06
2023-06-07,1004,Celestica,4430.01
2023-06-07,1001,AT&S,3021.03
2023-06-07,1003,First Solar,802.09
2023-06-08,1002,OSRAM,2550.47
2023-06-09,1003,First Solar,277.63
2023-06-09,1006,Siltera,4876.26
2023-06-09,1004,Celestica,2539.97
2023-06-09,1001,AT&S,4111.88
2023-06-09,1005,Intel,1906.43
2023-06-10,1002,OSRAM,3439.37
2023-06-10,1006,Siltera,4227.64
2023-06-11,1001,AT&S,4068.92
2023-06-11,1003,First Solar,3058.24
2023-06-11,1006,Siltera,1631.74
2023-06-12,1005,Intel,1619.25
2023-06-12,1004,Celestica,782.21
2023-06-12,1001,AT&S,4019.23
2023-06-12,1002,OSRAM,1629.15
2023-06-12,1006,Siltera,497.48
2023-06-13,1006,Siltera,2061.05
2023-06-13,1004,Celestica,4247.99
2023-06-13,1005,Intel,470.28
2023-06-13,1001,AT&S,573.99
2023-06-13,1002,OSRAM,4369.48
2023-06-14,1003,First Solar,3469.28
2023-06-16,1006,Siltera,2478.07
2023-06-16,1001,AT&S,4909.95
2023-06-17,1003,First Solar,2374.64
2023-06-17,1005,Intel,3792.58
2023-06-17,1002,OSRAM,3287.92
2023-06-19,1002,OSRAM,1959.2
2023-06-19,1006,Siltera,3546.34
2023-06-20,1003,First Solar,2507.77
2023-06-20,1002,OSRAM,2760.72
2023-06-20,1005,Intel,336.63
2023-06-22,1006,Siltera,289.58
2023-06-22,1005,Intel,983.86
2023-06-22,1002,OSRAM,4295.48
2023-06-22,1003,First Solar,3296.14
2023-06-24,1005,Intel,459.05
2023-06-24,1001,AT&S,3884.83
2023-06-24,1006,Siltera,1688.11
2023-06-24,1002,OSRAM,2450.79
2023-06-24,1003,First Solar,2520.2
2023-06-25,1005,Intel,955.21
2023-06-25,1001,AT&S,4168.83
2023-06-25,1006,Siltera,2718.14
2023-06-25,1003,First Solar,3090.35
2023-06-27,1005,Intel,3177.87
2023-06-27,1001,AT&S,3176.04
2023-06-27,1003,First Solar,264.11
2023-06-29,1002,OSRAM,589.73
2023-06-30,1001,AT&S,1363.49
2023-07-01,1003,First Solar,3550.41
2023-07-02,1003,First Solar,4350.74
2023-07-02,1006,Siltera,1541.7
2023-07-04,1005,Intel,427.59
2023-07-04,1002,OSRAM,4360.16
2023-07-04,1001,AT&S,4772.07
2023-07-04,1006,Siltera,3017.91
2023-07-06,1003,First Solar,1510.45
2023-07-06,1005,Intel,1592.57
2023-07-07,1003,First Solar,1321.22
2023-07-08,1006,Siltera,2941.32
2023-07-09,1005,Intel,2421.38
2023-07-09,1001,AT&S,529.2
2023-07-09,1006,Siltera,950.19
2023-07-10,1004,Celestica,2617.16
2023-07-10,1003,First Solar,1216.86
2023-07-10,1002,OSRAM,1931.44
2023-07-12,1004,Celestica,3308.41
2023-07-12,1006,Siltera,3849.69
2023-07-12,1001,AT&S,3854.55
2023-07-12,1005,Intel,4469.13
2023-07-12,1002,OSRAM,4013.34
2023-07-14,1003,First Solar,4660.25
2023-07-14,1002,OSRAM,2708.04
2023-07-14,1005,Intel,2422.58
2023-07-14,1004,Celestica,1238.53
2023-07-15,1002,OSRAM,4355.06
2023-07-15,1004,Celestica,2634.58
2023-07-15,1003,First Solar,2219.55
2023-07-15,1006,Siltera,4791.94
2023-07-17,1005,Intel,4393.95
2023-07-17,1001,AT&S,4440.29
2023-07-19,1003,First Solar,1935.49
2023-07-19,1005,Intel,3087.52
2023-07-19,1002,OSRAM,411.37
2023-07-19,1004,Celestica,4334.15
2023-07-20,1003,First Solar,2738.91
2023-07-21,1005,Intel,3758.45
2023-07-22,1001,AT&S,3194.75
2023-07-22,1006,Siltera,2229.97
2023-07-22,1004,Celestica,3053.21
2023-07-22,1003,First Solar,1319.59
2023-07-22,1005,Intel,3449.13
2023-07-23,1001,AT&S,271.29
2023-07-23,1003,First Solar,2068.15
2023-07-23,1006,Siltera,4053.42
2023-07-23,1005,Intel,1772.21
2023-07-23,1004,Celestica,4816.95
2023-07-24,1003,First Solar,2412.78
2023-07-28,1006,Siltera,772.27
2023-07-28,1003,First Solar,4434.56
2023-07-29,1001,AT&S,2766.06
2023-07-29,1004,Celestica,4346.62
2023-07-29,1006,Siltera,2866.58
2023-07-29,1002,OSRAM,4813.6
2023-07-30,1006,Siltera,2081.53
2023-07-30,1003,First Solar,2309.83
2023-07-31,1001,AT&S,4059.45
2023-08-01,1002,OSRAM,1524.64
2023-08-01,1006,Siltera,1805.28
2023-08-01,1003,First Solar,3378.92
2023-08-01,1001,AT&S,1118.69
2023-08-03,1001,AT&S,200.11
2023-08-04,1001,AT&S,4522.23
2023-08-04,1006,Siltera,859.56
2023-08-05,1004,Celestica,983.37
2023-08-06,1002,OSRAM,711.81
2023-08-06,1005,Intel,202.06
2023-08-06,1003,First Solar,1796.14
2023-08-06,1001,AT&S,4431.33
2023-08-07,1004,Celestica,245.39
2023-08-07,1002,OSRAM,3454.41
2023-08-08,1002,OSRAM,2340.83
2023-08-08,1006,Siltera,1903.37
2023-08-08,1001,AT&S,856.79
2023-08-08,1005,Intel,651.89
2023-08-10,1003,First Solar,4012.1
2023-08-10,1001,AT&S,3642.41
2023-08-10,1002,OSRAM,241.17
2023-08-10,1005,Intel,1710.78
2023-08-11,1005,Intel,871.73
2023-08-11,1002,OSRAM,3503.95
2023-08-11,1006,Siltera,3122.01
2023-08-12,1003,First Solar,4455.55
2023-08-12,1001,AT&S,2912.09
2023-08-12,1002,OSRAM,3205.37
2023-08-13,1006,Siltera,392.86
2023-08-13,1004,Celestica,704.09
2023-08-13,1001,AT&S,626.48
2023-08-13,1003,First Solar,1726.64
2023-08-14,1005,Intel,2031.35
2023-08-14,1001,AT&S,2734.42
2023-08-14,1006,Siltera,2768.25
2023-08-15,1006,Siltera,3868.69
2023-08-15,1003,First Solar,4589.53
2023-08-15,1002,OSRAM,4908.15
2023-08-15,1004,Celestica,1936.39
2023-08-15,1001,AT&S,4031.51
2023-08-16,1001,AT&S,3448.23
2023-08-16,1006,Siltera,3498.16
2023-08-16,1004,Celestica,2955.0
2023-08-17,1004,Celestica,2643.34
2023-08-17,1001,AT&S,2382.78
2023-08-17,1005,Intel,2707.73
2023-08-17,1003,First Solar,3094.35
2023-08-17,1006,Siltera,4553.0
2023-08-18,1002,OSRAM,1917.08
2023-08-18,1006,Siltera,4309.83
2023-08-19,1006,Siltera,1937.5
2023-08-20,1006,Siltera,834.63
2023-08-22,1005,Intel,4947.74
2023-08-22,1002,OSRAM,4600.87
2023-08-23,1006,Siltera,4209.41
2023-08-23,1003,First Solar,729.76
2023-08-23,1004,Celestica,2891.15
2023-08-24,1006,Siltera,4837.11
2023-08-24,1004,Celestica,747.41
2023-08-24,1005,Intel,436.99
2023-08-25,1003,First Solar,4265.21
2023-08-25,1002,OSRAM,629.41
2023-08-25,1001,AT&S,3073.16
2023-08-27,1003,First Solar,1976.48
2023-08-27,1006,Siltera,1823.98
2023-08-27,1004,Celestica,634.47
2023-08-27,1001,AT&S,2403.76
2023-08-27,1005,Intel,1364.43
2023-08-29,1006,Siltera,4783.76
2023-08-29,1005,Intel,4596.34
2023-08-29,1004,Celestica,4144.47
2023-08-29,1002,OSRAM,3352.11
2023-08-30,1006,Siltera,4871.91
2023-08-30,1001,AT&S,490.28
2023-08-30,1005,Intel,1191.74
2023-08-30,1002,OSRAM,1597.73
2023-08-30,1003,First Solar,1978.97
2023-08-31,1002,OSRAM,2020.6
2023-08-31,1005,Intel,3786.85
2023-09-01,1002,OSRAM,373.99
2023-09-01,1006,Siltera,1356.63
2023-09-01,1003,First Solar,1336.54
2023-09-01,1001,AT&S,894.94
2023-09-02,1003,First Solar,309.71
2023-09-02,1006,Siltera,4011.64
2023-09-02,1001,AT&S,1450.66
2023-09-02,1002,OSRAM,1870.12
2023-09-02,1004,Celestica,1937.5
2023-09-03,1003,First Solar,3183.54
2023-09-03,1001,AT&S,3681.42
2023-09-03,1002,OSRAM,4692.32
2023-09-03,1005,Intel,1081.5
2023-09-03,1004,Celestica,4633.87
2023-09-04,1001,AT&S,2693.81
2023-09-04,1003,First Solar,931.48
2023-09-04,1005,Intel,1104.64
2023-09-04,1002,OSRAM,1849.04
2023-09-05,1004,Celestica,2959.09
2023-09-06,1006,Siltera,3781.48
2023-09-06,1003,First Solar,1476.92
2023-09-06,1001,AT&S,3225.21
2023-09-07,1003,First Solar,2251.26
2023-09-07,1002,OSRAM,542.86
2023-09-07,1001,AT&S,519.29
2023-09-07,1004,Celestica,2711.65
2023-09-07,1005,Intel,3091.4
2023-09-08,1001,AT&S,471.59
2023-09-08,1003,First Solar,3771.33
2023-09-11,1006,Siltera,3896.22
2023-09-11,1004,Celestica,2801.21
2023-09-11,1003,First Solar,2926.91
2023-09-11,1002,OSRAM,1147.56
2023-09-12,1006,Siltera,4181.62
2023-09-12,1001,AT&S,3736.6
2023-09-12,1003,First Solar,2444.67
2023-09-12,1005,Intel,3542.29
2023-09-13,1005,Intel,820.09
2023-09-13,1004,Celestica,4647.33
2023-09-13,1002,OSRAM,4371.2
2023-09-13,1006,Siltera,4144.06
2023-09-13,1003,First Solar,3534.4
2023-09-14,1003,First Solar,2129.06
2023-09-14,1004,Celestica,1363.29
2023-09-14,1005,Intel,2279.78
2023-09-15,1005,Intel,696.56
2023-09-15,1004,Celestica,590.87
2023-09-15,1003,First Solar,2157.78
2023-09-16,1006,Siltera,1253.69
2023-09-16,1001,AT&S,2978.17
2023-09-16,1004,Celestica,4702.11
2023-09-17,1002,OSRAM,1005.76
2023-09-17,1001,AT&S,582.66
2023-09-17,1006,Siltera,4671.18
2023-09-17,1003,First Solar,4731.71
2023-09-17,1004,Celestica,664.93
2023-09-18,1005,Intel,2029.35
2023-09-19,1004,Celestica,4007.29
2023-09-19,1001,AT&S,4966.44
2023-09-19,1002,OSRAM,2618.34
2023-09-19,1003,First Solar,3613.29
2023-09-21,1003,First Solar,4512.72
2023-09-21,1002,OSRAM,2712.25
2023-09-21,1001,AT&S,3079.01
2023-09-21,1006,Siltera,4091.39
2023-09-21,1004,Celestica,609.76
2023-09-24,1003,First Solar,881.17
2023-09-24,1001,AT&S,3294.28
2023-09-24,1004,Celestica,574.85
2023-09-24,1005,Intel,272.07
2023-09-25,1004,Celestica,4307.22
2023-09-25,1006,Siltera,1563.26
2023-09-25,1005,Intel,2347.97
2023-09-25,1001,AT&S,3244.2
2023-09-25,1003,First Solar,4954.19
2023-09-26,1005,Intel,355.3
2023-09-27,1001,AT&S,839.92
2023-09-27,1005,Intel,4958.95
2023-09-29,1002,OSRAM,3477.4
2023-09-29,1001,AT&S,4346.21
2023-09-29,1005,Intel,3582.33
2023-09-30,1002,OSRAM,2505.97
2023-09-30,1005,Intel,4227.57
2023-09-30,1003,First Solar,4046.68
2023-09-30,1006,Siltera,1554.36
2023-09-30,1001,AT&S,3032.94
2023-10-01,1002,OSRAM,2269.42
2023-10-01,1006,Siltera,4827.84
2023-10-01,1001,AT&S,4360.16
2023-10-01,1003,First Solar,749.44
2023-10-02,1006,Siltera,3506.62
2023-10-02,1003,First Solar,3439.05
2023-10-03,1004,Celestica,1056.32
2023-10-03,1003,First Solar,3529.07
2023-10-03,1006,Siltera,3719.59
2023-10-03,1001,AT&S,1640.26
2023-10-04,1005,Intel,2333.05
2023-10-04,1001,AT&S,3834.04
2023-10-04,1003,First Solar,2599.33
2023-10-04,1006,Siltera,2449.74
2023-10-05,1006,Siltera,402.23
2023-10-05,1004,Celestica,1023.15
2023-10-05,1001,AT&S,3094.7
2023-10-05,1005,Intel,4600.16
2023-10-05,1003,First Solar,4194.83
2023-10-06,1003,First Solar,4520.51
2023-10-07,1006,Siltera,4926.4
2023-10-08,1001,AT&S,415.09
2023-10-08,1004,Celestica,165.68
2023-10-08,1002,OSRAM,945.31
2023-10-08,1006,Siltera,1258.86
2023-10-09,1003,First Solar,1851.57
2023-10-10,1003,First Solar,3024.19
2023-10-10,1006,Siltera,1687.0
2023-10-11,1006,Siltera,3908.37
2023-10-11,1003,First Solar,4360.32
2023-10-12,1001,AT&S,2527.76
2023-10-12,1005,Intel,4404.15
2023-10-12,1006,Siltera,4752.7
2023-10-12,1003,First Solar,3893.28
2023-10-12,1004,Celestica,4455.64
2023-10-13,1004,Celestica,4825.17
2023-10-13,1005,Intel,3598.48
2023-10-13,1002,OSRAM,383.86
2023-10-13,1003,First Solar,3121.54
2023-10-14,1001,AT&S,2638.54
2023-10-14,1005,Intel,2170.46
2023-10-14,1006,Siltera,460.85
2023-10-14,1002,OSRAM,302.93
2023-10-14,1004,Celestica,1598.37
2023-10-15,1005,Intel,1932.77
2023-10-15,1006,Siltera,2001.65
2023-10-15,1004,Celestica,2008.38
2023-10-16,1002,OSRAM,650.61
2023-10-16,1004,Celestica,3327.72
2023-10-16,1005,Intel,4971.44
2023-10-16,1001,AT&S,4092.45
2023-10-18,1005,Intel,2539.94
2023-10-18,1002,OSRAM,1890.37
2023-10-18,1006,Siltera,1828.45
2023-10-20,1001,AT&S,3287.16
2023-10-21,1001,AT&S,4593.24
2023-10-21,1004,Celestica,4032.68
2023-10-22,1003,First Solar,3452.53
2023-10-22,1001,AT&S,2930.05
2023-10-22,1006,Siltera,2740.03
2023-10-22,1005,Intel,4328.71
2023-10-22,1002,OSRAM,3130.03
2023-10-23,1003,First Solar,1317.15
2023-10-23,1001,AT&S,1778.85
2023-10-23,1004,Celestica,2017.16
2023-10-24,1001,AT&S,2953.88
2023-10-24,1004,Celestica,2635.03
2023-10-24,1006,Siltera,846.93
2023-10-24,1005,Intel,4947.82
2023-10-24,1002,OSRAM,1957.75
2023-10-25,1001,AT&S,4603.26
2023-10-25,1004,Celestica,2883.93
2023-10-26,1006,Siltera,230.03
2023-10-26,1002,OSRAM,3699.1
2023-10-26,1003,First Solar,799.59
2023-10-26,1005,Intel,2919.64
2023-10-27,1005,Intel,189.7
2023-10-27,1001,AT&S,1744.2
2023-10-28,1002,OSRAM,4267.74
2023-10-28,1006,Siltera,1941.1
2023-10-28,1003,First Solar,231.46
2023-10-28,1004,Celestica,2887.4
2023-10-28,1001,AT&S,1687.85
2023-10-30,1002,OSRAM,626.51
2023-10-30,1001,AT&S,136.52
2023-10-30,1003,First Solar,1204.43
2023-11-01,1003,First Solar,770.16
2023-11-01,1002,OSRAM,2109.75
2023-11-04,1003,First Solar,4306.22
2023-11-04,1004,Celestica,712.83
2023-11-04,1005,Intel,4952.63
2023-11-04,1002,OSRAM,4016.1
2023-11-05,1005,Intel,4108.92
2023-11-05,1003,First Solar,4079.83
2023-11-05,1006,Siltera,1650.9
2023-11-05,1001,AT&S,2494.8
2023-11-06,1001,AT&S,2237.26
2023-11-06,1002,OSRAM,2546.33
2023-11-06,1004,Celestica,2798.63
2023-11-07,1003,First Solar,2942.51
2023-11-07,1002,OSRAM,4114.62
2023-11-07,1004,Celestica,1370.05
2023-11-07,1006,Siltera,682.02
2023-11-09,1001,AT&S,2600.48
2023-11-09,1004,Celestica,274.15
2023-11-10,1006,Siltera,2999.15
2023-11-10,1003,First Solar,807.92
2023-11-10,1005,Intel,1371.47
2023-11-10,1004,Celestica,252.84
2023-11-10,1001,AT&S,2754.33
2023-11-11,1005,Intel,3780.87
2023-11-12,1001,AT&S,4819.91
2023-11-12,1003,First Solar,2147.5
2023-11-13,1006,Siltera,3791.14
2023-11-14,1005,Intel,3158.4
2023-11-14,1001,AT&S,4479.86
2023-11-14,1002,OSRAM,1742.26
2023-11-15,1005,Intel,2802.68
2023-11-15,1006,Siltera,1907.72
2023-11-16,1001,AT&S,4006.11
2023-11-17,1004,Celestica,3905.73
2023-11-17,1002,OSRAM,1035.99
2023-11-18,1004,Celestica,1475.39
2023-11-19,1001,AT&S,4542.65
2023-11-19,1002,OSRAM,4677.4
2023-11-19,1004,Celestica,1925.14
2023-11-19,1005,Intel,786.22
2023-11-19,1003,First Solar,4293.21
2023-11-20,1006,Siltera,303.94
2023-11-20,1001,AT&S,4064.62
2023-11-20,1005,Intel,3521.8
2023-11-20,1002,OSRAM,2817.11
2023-11-21,1006,Siltera,2762.92
2023-11-21,1004,Celestica,989.03
2023-11-21,1005,Intel,2353.97
2023-11-21,1003,First Solar,4027.79
2023-11-22,1005,Intel,2793.39
2023-11-22,1004,Celestica,4685.72
2023-11-22,1003,First Solar,990.44
2023-11-22,1002,OSRAM,1340.21
2023-11-22,1001,AT&S,3293.42
2023-11-23,1004,Celestica,2876.93
2023-11-23,1002,OSRAM,2014.34
2023-11-23,1003,First Solar,252.95
2023-11-24,1001,AT&S,1491.9
2023-11-24,1006,Siltera,2342.21
2023-11-24,1002,OSRAM,1610.55
2023-11-24,1004,Celestica,1456.09
2023-11-24,1003,First Solar,188.04
2023-11-25,1004,Celestica,2201.53
2023-11-25,1002,OSRAM,2523.74
2023-11-25,1005,Intel,716.66
2023-11-25,1003,First Solar,4705.47
2023-11-26,1002,OSRAM,192.99
2023-11-26,1003,First Solar,337.02
2023-11-26,1006,Siltera,2296.94
2023-11-26,1005,Intel,163.31
2023-11-26,1001,AT&S,1621.4
2023-11-29,1003,First Solar,3747.33
2023-11-29,1002,OSRAM,4508.02
2023-11-29,1006,Siltera,2776.95
2023-11-29,1005,Intel,2702.45
2023-11-29,1001,AT&S,1373.46
2023-11-30,1002,OSRAM,1461.81
2023-11-30,1003,First Solar,4595.4
2023-11-30,1005,Intel,952.62
2023-11-30,1001,AT&S,4663.86
2023-11-30,1006,Siltera,479.02
2023-12-02,1006,Siltera,4632.51
2023-12-02,1004,Celestica,710.1
2023-12-02,1002,OSRAM,2095.37
2023-12-02,1003,First Solar,128.8
2023-12-03,1002,OSRAM,2742.97
2023-12-03,1006,Siltera,4948.21
2023-12-04,1001,AT&S,2225.56
2023-12-07,1001,AT&S,2898.74
2023-12-07,1006,Siltera,1048.38
2023-12-07,1002,OSRAM,3408.86
2023-12-07,1003,First Solar,4986.51
2023-12-07,1005,Intel,408.78
2023-12-08,1002,OSRAM,3730.01
2023-12-08,1006,Siltera,1311.92
2023-12-09,1002,OSRAM,4392.53
2023-12-09,1004,Celestica,1753.56
2023-12-10,1002,OSRAM,3009.77
2023-12-10,1006,Siltera,3365.37
2023-12-10,1004,Celestica,2246.43
2023-12-10,1005,Intel,1162.07
2023-12-11,1002,OSRAM,330.85
2023-12-11,1004,Celestica,4854.55
2023-12-11,1001,AT&S,4320.73
2023-12-12,1006,Siltera,3026.22
2023-12-12,1003,First Solar,4667.05
2023-12-12,1005,Intel,1230.43
2023-12-12,1002,OSRAM,202.22
2023-12-12,1001,AT&S,2944.28
2023-12-13,1005,Intel,3991.35
2023-12-13,1001,AT&S,545.84
2023-12-13,1002,OSRAM,3154.88
2023-12-13,1003,First Solar,4160.28
2023-12-13,1006,Siltera,4274.84
2023-12-14,1002,OSRAM,3424.23
2023-12-14,1005,Intel,3839.43
2023-12-14,1004,Celestica,3964.71
2023-12-14,1006,Siltera,2368.82
2023-12-14,1001,AT&S,2036.9
2023-12-15,1001,AT&S,776.2
2023-12-17,1004,Celestica,1926.96
2023-12-17,1005,Intel,123.52
2023-12-17,1001,AT&S,3490.87
2023-12-18,1005,Intel,715.85
2023-12-18,1001,AT&S,4768.0
2023-12-18,1006,Siltera,2391.44
2023-12-19,1005,Intel,3375.68
2023-12-19,1001,AT&S,2260.15
2023-12-19,1003,First Solar,450.5
2023-12-19,1002,OSRAM,1446.24
2023-12-19,1006,Siltera,1988.5
2023-12-20,1001,AT&S,4679.77
2023-12-21,1006,Siltera,1996.67
2023-12-21,1005,Intel,4368.37
2023-12-22,1006,Siltera,1223.93
2023-12-23,1001,AT&S,534.6
2023-12-23,1003,First Solar,4383.52
2023-12-23,1002,OSRAM,3002.43
2023-12-23,1006,Siltera,3136.89
2023-12-24,1004,Celestica,3690.38
2023-12-25,1005,Intel,2576.89
2023-12-25,1003,First Solar,3302.87
2023-12-25,1004,Celestica,3605.63
2023-12-27,1002,OSRAM,1286.9
2023-12-27,1005,Intel,3595.28
2023-12-29,1002,OSRAM,1018.45
2023-12-29,1004,Celestica,354.81
2023-12-29,1003,First Solar,829.49
2023-12-29,1006,Siltera,1855.4
2023-12-29,1001,AT&S,3011.59
2023-12-30,1006,Siltera,2628.08
2023-12-30,1003,First Solar,3935.15
2023-12-30,1005,Intel,3955.36
2023-12-30,1004,Celestica,1675.87
2023-12-31,1002,OSRAM,3780.78
2024-01-01,1001,AT&S,4848.25
2024-01-01,1006,Siltera,1768.89
2024-01-01,1002,OSRAM,3831.0
2024-01-02,1005,Intel,3867.9
2024-01-02,1002,OSRAM,2476.27
2024-01-02,1004,Celestica,3464.17
2024-01-02,1001,AT&S,1211.29
2024-01-02,1003,First Solar,3697.21
2024-01-03,1001,AT&S,674.04
2024-01-03,1004,Celestica,1753.78
2024-01-03,1005,Intel,1768.21
2024-01-04,1004,Celestica,889.1
2024-01-04,1003,First Solar,3365.2
2024-01-04,1006,Siltera,4503.75
2024-01-06,1003,First Solar,3001.43
2024-01-07,1001,AT&S,2504.58
2024-01-08,1004,Celestica,2647.87
2024-01-08,1006,Siltera,2053.4
2024-01-08,1003,First Solar,1951.48
2024-01-08,1005,Intel,2743.14
2024-01-08,1002,OSRAM,2007.35
2024-01-09,1005,Intel,4514.6
2024-01-09,1004,Celestica,1568.04
2024-01-09,1002,OSRAM,2575.26
2024-01-09,1003,First Solar,4041.9
2024-01-09,1001,AT&S,3762.82
2024-01-10,1005,Intel,975.96
2024-01-11,1001,AT&S,3424.97
2024-01-11,1002,OSRAM,3407.36
2024-01-11,1006,Siltera,2661.32
2024-01-12,1003,First Solar,2998.96
2024-01-12,1001,AT&S,1175.95
2024-01-12,1005,Intel,253.54
2024-01-13,1006,Siltera,726.34
2024-01-13,1004,Celestica,2028.71
2024-01-13,1001,AT&S,1772.12
2024-01-14,1001,AT&S,1420.53
2024-01-14,1002,OSRAM,3872.16
2024-01-16,1003,First Solar,4590.73
2024-01-17,1003,First Solar,3610.43
2024-01-18,1001,AT&S,3386.72
2024-01-18,1004,Celestica,2773.25
2024-01-18,1003,First Solar,2861.19
2024-01-18,1002,OSRAM,4290.82
2024-01-20,1003,First Solar,570.13
2024-01-20,1006,Siltera,2767.36
2024-01-21,1002,OSRAM,3600.48
2024-01-23,1006,Siltera,3068.02
2024-01-23,1002,OSRAM,586.15
2024-01-23,1003,First Solar,1060.75
2024-01-23,1004,Celestica,1359.37
2024-01-25,1003,First Solar,478.16
2024-01-25,1004,Celestica,3690.53
2024-01-25,1001,AT&S,1830.35
2024-01-25,1002,OSRAM,3498.99
2024-01-25,1006,Siltera,3224.14
2024-01-26,1001,AT&S,628.42
2024-01-26,1005,Intel,2788.45
2024-01-26,1006,Siltera,3282.45
2024-01-26,1002,OSRAM,2529.41
2024-01-27,1002,OSRAM,1461.5
2024-01-27,1004,Celestica,1754.4
2024-01-27,1003,First Solar,4633.87
2024-01-27,1001,AT&S,1487.85
2024-01-28,1006,Siltera,2679.69
2024-01-28,1003,First Solar,4930.61
2024-01-28,1001,AT&S,3675.04
2024-01-28,1005,Intel,1064.54
2024-01-29,1001,AT&S,2328.44
2024-01-29,1005,Intel,1390.35
2024-01-29,1003,First Solar,2808.69
2024-01-30,1001,AT&S,684.18
2024-01-30,1004,Celestica,4847.67
2024-01-30,1003,First Solar,614.71
2024-01-31,1002,OSRAM,1731.09
2024-01-31,1001,AT&S,1669.54
2024-01-31,1006,Siltera,391.96
2024-02-01,1006,Siltera,493.94
2024-02-01,1004,Celestica,1333.12
2024-02-01,1003,First Solar,4754.6
2024-02-02,1001,AT&S,441.3
2024-02-02,1004,Celestica,132.74
2024-02-02,1006,Siltera,4302.12
2024-02-02,1003,First Solar,3263.01
2024-02-03,1006,Siltera,4136.34
2024-02-03,1001,AT&S,886.76
2024-02-03,1005,Intel,2654.76
2024-02-03,1004,Celestica,774.47
2024-02-04,1006,Siltera,2875.9
2024-02-04,1001,AT&S,1638.68
2024-02-06,1001,AT&S,4689.67
2024-02-06,1006,Siltera,4690.17
2024-02-06,1002,OSRAM,2622.98
2024-02-06,1004,Celestica,1347.32
2024-02-07,1001,AT&S,2210.65
2024-02-07,1006,Siltera,1293.74
2024-02-07,1004,Celestica,967.74
2024-02-07,1002,OSRAM,881.86
2024-02-07,1003,First Solar,1394.87
2024-02-08,1003,First Solar,3407.18
2024-02-08,1005,Intel,2105.86
2024-02-08,1002,OSRAM,1261.16
2024-02-08,1004,Celestica,3756.52
2024-02-09,1006,Siltera,3078.62
2024-02-09,1001,AT&S,3586.52
2024-02-09,1004,Celestica,516.02
2024-02-09,1002,OSRAM,4219.02
2024-02-10,1001,AT&S,1920.7
2024-02-12,1004,Celestica,2314.22
2024-02-12,1002,OSRAM,348.07
2024-02-12,1001,AT&S,786.77
2024-02-12,1006,Siltera,108.81
2024-02-12,1003,First Solar,3465.11
2024-02-13,1006,Siltera,1681.56
2024-02-14,1006,Siltera,4001.51
2024-02-14,1003,First Solar,1113.3
2024-02-14,1001,AT&S,2748.9
2024-02-14,1002,OSRAM,545.74
2024-02-15,1003,First Solar,2187.35
2024-02-16,1005,Intel,1243.09
2024-02-16,1001,AT&S,3149.83
2024-02-17,1005,Intel,586.11
2024-02-17,1002,OSRAM,3300.97
2024-02-17,1003,First Solar,4119.94
2024-02-17,1006,Siltera,3839.19
2024-02-17,1001,AT&S,547.11
2024-02-18,1001,AT&S,4659.8
2024-02-18,1003,First Solar,579.92
2024-02-20,1005,Intel,348.02
2024-02-20,1006,Siltera,3730.9
2024-02-20,1003,First Solar,2073.04
2024-02-22,1002,OSRAM,4931.67
2024-02-22,1003,First Solar,2210.92
2024-02-22,1005,Intel,1367.88
2024-02-22,1001,AT&S,4069.92
2024-02-22,1004,Celestica,3213.35
2024-02-24,1004,Celestica,2156.5
2024-02-24,1002,OSRAM,2102.94
2024-02-25,1005,Intel,3847.84
2024-02-27,1001,AT&S,1423.48
2024-02-27,1005,Intel,791.43
2024-02-29,1001,AT&S,2179.39
2024-02-29,1005,Intel,2028.68
2024-02-29,1004,Celestica,568.36
2024-02-29,1003,First Solar,1645.69
2024-02-29,1002,OSRAM,4276.22
2024-03-01,1005,Intel,4230.14
2024-03-01,1002,OSRAM,3694.09
2024-03-01,1004,Celestica,283.89
2024-03-02,1004,Celestica,3794.87
2024-03-04,1005,Intel,2789.56
2024-03-04,1001,AT&S,1636.98
2024-03-04,1003,First Solar,2206.62
2024-03-04,1006,Siltera,4732.58
2024-03-04,1002,OSRAM,2765.74
2024-03-05,1006,Siltera,3432.97
2024-03-06,1003,First Solar,918.97
2024-03-06,1004,Celestica,2653.96
2024-03-06,1001,AT&S,2417.93
2024-03-06,1006,Siltera,3934.04
2024-03-07,1006,Siltera,4743.27
2024-03-07,1003,First Solar,2803.33
2024-03-07,1004,Celestica,3828.31
2024-03-07,1002,OSRAM,4114.61
2024-03-07,1005,Intel,858.96
2024-03-08,1002,OSRAM,1089.58
2024-03-08,1005,Intel,3626.72
2024-03-08,1004,Celestica,1425.84
2024-03-08,1001,AT&S,1795.63
2024-03-08,1003,First Solar,2850.73
2024-03-09,1002,OSRAM,4657.45
2024-03-09,1005,Intel,4640.67
2024-03-09,1001,AT&S,4501.14
2024-03-10,1005,Intel,955.16
2024-03-11,1002,OSRAM,4158.18
2024-03-11,1004,Celestica,2558.95
2024-03-11,1005,Intel,3339.89
2024-03-11,1006,Siltera,4885.48
2024-03-11,1003,First Solar,3140.99
2024-03-12,1005,Intel,2687.26
2024-03-12,1003,First Solar,4226.63
2024-03-12,1004,Celestica,4456.31
2024-03-12,1002,OSRAM,1811.53
2024-03-13,1003,First Solar,2738.99
2024-03-13,1004,Celestica,2195.45
2024-03-13,1006,Siltera,2278.25
2024-03-13,1005,Intel,4785.68
2024-03-14,1003,First Solar,3835.17
2024-03-14,1006,Siltera,2369.46
2024-03-14,1004,Celestica,1937.82
2024-03-17,1002,OSRAM,411.14
2024-03-17,1001,AT&S,3274.13
2024-03-17,1004,Celestica,2933.99
2024-03-18,1004,Celestica,4528.78
2024-03-18,1002,OSRAM,4350.7
2024-03-18,1005,Intel,1513.09
2024-03-18,1003,First Solar,1742.74
2024-03-18,1001,AT&S,4271.93
2024-03-19,1005,Intel,3553.05
2024-03-19,1004,Celestica,4083.6
2024-03-19,1001,AT&S,4370.72
2024-03-21,1002,OSRAM,4919.43
2024-03-21,1005,Intel,4564.47
2024-03-21,1001,AT&S,564.86
2024-03-21,1006,Siltera,3685.95
2024-03-22,1002,OSRAM,4709.81
2024-03-22,1005,Intel,254.77
2024-03-23,1002,OSRAM,4189.51
2024-03-23,1006,Siltera,402.02
2024-03-24,1002,OSRAM,4341.59
2024-03-25,1003,First Solar,3693.57
2024-03-25,1005,Intel,1857.3
2024-03-25,1006,Siltera,3808.04
2024-03-26,1002,OSRAM,3430.33
2024-03-27,1005,Intel,3559.29
2024-03-27,1002,OSRAM,4609.36
2024-03-27,1006,Siltera,1456.68
2024-03-27,1003,First Solar,958.11
2024-03-28,1004,Celestica,3238.91
2024-03-28,1003,First Solar,4918.14
2024-03-28,1001,AT&S,3805.73
2024-03-28,1006,Siltera,4678.6
2024-03-28,1002,OSRAM,3456.41
2024-03-29,1003,First Solar,1409.62
2024-03-29,1001,AT&S,1121.53
2024-03-29,1002,OSRAM,4134.37
2024-03-31,1003,First Solar,4008.33
2024-03-31,1002,OSRAM,1203.17
2024-03-31,1006,Siltera,784.58
2024-03-31,1005,Intel,561.52
2024-04-01,1005,Intel,1495.83
2024-04-01,1003,First Solar,2737.95
2024-04-02,1006,Siltera,1964.44
2024-04-02,1005,Intel,771.28
2024-04-02,1004,Celestica,3651.84
2024-04-04,1002,OSRAM,1732.13
2024-04-04,1005,Intel,2411.23
2024-04-05,1004,Celestica,769.85
2024-04-05,1001,AT&S,1676.4
2024-04-06,1003,First Solar,4906.97
2024-04-07,1001,AT&S,722.72
2024-04-07,1002,OSRAM,2080.94
2024-04-07,1006,Siltera,4031.32
2024-04-08,1001,AT&S,3149.51
2024-04-10,1006,Siltera,3006.29
2024-04-10,1002,OSRAM,4378.51
2024-04-10,1005,Intel,414.48
2024-04-10,1001,AT&S,1864.92
2024-04-11,1004,Celestica,4616.77
2024-04-11,1005,Intel,212.37
2024-04-11,1002,OSRAM,3985.78
2024-04-11,1003,First Solar,659.4
2024-04-12,1004,Celestica,850.79
2024-04-12,1002,OSRAM,120.82
2024-04-12,1005,Intel,3448.24
2024-04-12,1006,Siltera,2038.06
2024-04-12,1001,AT&S,757.09
2024-04-13,1003,First Solar,1390.35
2024-04-13,1006,Siltera,1578.82
2024-04-13,1004,Celestica,3694.11
2024-04-13,1002,OSRAM,3611.29
2024-04-14,1004,Celestica,4278.41
2024-04-14,1006,Siltera,3861.15
2024-04-15,1005,Intel,469.02
2024-04-15,1006,Siltera,3555.89
2024-04-15,1002,OSRAM,4487.86
2024-04-15,1003,First Solar,1869.41
2024-04-15,1001,AT&S,4539.74
2024-04-16,1001,AT&S,1261.61
2024-04-16,1006,Siltera,1949.45
2024-04-17,1003,First Solar,3745.3
2024-04-17,1005,Intel,500.69
2024-04-18,1001,AT&S,2695.93
2024-04-18,1002,OSRAM,570.6
2024-04-18,1006,Siltera,3784.25
2024-04-18,1004,Celestica,291.23
2024-04-19,1003,First Solar,495.51
2024-04-19,1002,OSRAM,2432.47
2024-04-20,1001,AT&S,1153.9
2024-04-20,1005,Intel,1385.32
2024-04-22,1004,Celestica,3786.19
2024-04-22,1005,Intel,4706.42
2024-04-22,1001,AT&S,4441.78
2024-04-22,1003,First Solar,2296.7
2024-04-23,1006,Siltera,1591.32
2024-04-23,1005,Intel,4143.3
2024-04-23,1003,First Solar,943.17
2024-04-23,1004,Celestica,1362.96
2024-04-23,1001,AT&S,2434.36
2024-04-24,1002,OSRAM,450.9
2024-04-24,1003,First Solar,1417.75
2024-04-24,1001,AT&S,2546.25
2024-04-24,1006,Siltera,782.33
2024-04-24,1005,Intel,201.11
2024-04-25,1005,Intel,546.71
2024-04-25,1004,Celestica,2473.34
2024-04-25,1002,OSRAM,4835.77
2024-04-26,1005,Intel,4932.62
2024-04-26,1001,AT&S,2469.39
2024-04-26,1006,Siltera,766.56
2024-04-26,1004,Celestica,1643.16
2024-04-26,1002,OSRAM,309.45
2024-04-28,1005,Intel,3217.06
2024-04-28,1004,Celestica,2766.94
2024-04-28,1001,AT&S,1549.41
2024-04-29,1002,OSRAM,1013.19
2024-04-29,1005,Intel,4709.59
2024-04-29,1006,Siltera,4910.77
2024-04-29,1001,AT&S,2239.83
2024-04-29,1003,First Solar,1836.04
2024-04-30,1004,Celestica,4123.81
2024-04-30,1006,Siltera,486.11
2024-05-01,1003,First Solar,2241.41
2024-05-01,1004,Celestica,2220.66
2024-05-02,1002,OSRAM,4586.3
2024-05-02,1001,AT&S,1291.61
2024-05-02,1004,Celestica,2080.9
2024-05-03,1006,Siltera,4418.21
2024-05-03,1001,AT&S,3248.12
2024-05-03,1004,Celestica,158.63
2024-05-03,1005,Intel,133.87
2024-05-04,1002,OSRAM,4799.46
2024-05-04,1004,Celestica,3614.42
2024-05-04,1001,AT&S,4408.27
2024-05-04,1005,Intel,2919.5
2024-05-04,1003,First Solar,4474.96
2024-05-05,1002,OSRAM,1497.42
2024-05-05,1004,Celestica,3486.5
2024-05-05,1006,Siltera,1522.42
2024-05-06,1004,Celestica,4044.08
2024-05-06,1003,First Solar,716.88
2024-05-06,1006,Siltera,4203.5
2024-05-06,1005,Intel,2629.06
2024-05-08,1004,Celestica,4705.67
2024-05-08,1006,Siltera,4758.63
2024-05-08,1005,Intel,4581.0
2024-05-08,1003,First Solar,1112.19
2024-05-08,1002,OSRAM,2552.26
2024-05-09,1005,Intel,2651.08
2024-05-09,1004,Celestica,374.84
2024-05-10,1006,Siltera,3160.5
2024-05-10,1004,Celestica,685.15
2024-05-10,1005,Intel,1592.09
2024-05-12,1001,AT&S,1982.95
2024-05-12,1002,OSRAM,4318.25
2024-05-12,1005,Intel,460.82
2024-05-12,1006,Siltera,1357.2
2024-05-12,1004,Celestica,1859.03
2024-05-13,1004,Celestica,2931.95
2024-05-13,1001,AT&S,2349.4
2024-05-13,1005,Intel,311.08
2024-05-13,1003,First Solar,2444.57
2024-05-13,1006,Siltera,4089.36
2024-05-14,1003,First Solar,2033.61
2024-05-14,1001,AT&S,1746.91
2024-05-14,1005,Intel,1928.54
2024-05-14,1004,Celestica,1133.49
2024-05-14,1002,OSRAM,3142.66
2024-05-15,1005,Intel,1475.87
2024-05-15,1002,OSRAM,2263.81
2024-05-15,1006,Siltera,656.5
2024-05-16,1002,OSRAM,226.34
2024-05-16,1003,First Solar,400.44
2024-05-16,1001,AT&S,2417.84
2024-05-16,1006,Siltera,743.14
2024-05-18,1004,Celestica,4718.22
2024-05-18,1006,Siltera,4667.03
2024-05-18,1005,Intel,4298.2
2024-05-18,1001,AT&S,3514.16
2024-05-19,1005,Intel,4322.15
2024-05-19,1001,AT&S,1341.56
2024-05-19,1003,First Solar,2046.6
2024-05-19,1004,Celestica,850.43
2024-05-19,1002,OSRAM,4583.8
2024-05-20,1003,First Solar,3052.43
2024-05-21,1003,First Solar,4877.12
2024-05-21,1005,Intel,4985.67
2024-05-21,1001,AT&S,2827.47
2024-05-21,1002,OSRAM,465.19
2024-05-22,1004,Celestica,3226.8
2024-05-22,1006,Siltera,4798.25
2024-05-22,1005,Intel,4622.87
2024-05-22,1001,AT&S,1227.4
2024-05-22,1002,OSRAM,770.98
2024-05-23,1002,OSRAM,3959.54
2024-05-24,1005,Intel,1341.8
2024-05-24,1001,AT&S,4406.79
2024-05-24,1002,OSRAM,253.6
2024-05-25,1006,Siltera,2464.49
2024-05-25,1004,Celestica,3485.65
2024-05-25,1003,First Solar,1527.95
2024-05-26,1005,Intel,289.08
2024-05-26,1001,AT&S,2838.33
2024-05-26,1004,Celestica,157.77
2024-05-26,1003,First Solar,2228.44
2024-05-27,1006,Siltera,4276.48
2024-05-27,1001,AT&S,2730.18
2024-05-28,1002,OSRAM,3285.13
2024-05-28,1006,Siltera,1805.53
2024-05-29,1003,First Solar,575.57
2024-05-29,1006,Siltera,1593.88
2024-05-29,1002,OSRAM,1055.05
2024-05-29,1004,Celestica,680.98
2024-05-29,1001,AT&S,3908.19
2024-05-30,1004,Celestica,189.03
2024-05-30,1003,First Solar,3570.99
2024-05-30,1005,Intel,4900.99
2024-06-01,1001,AT&S,786.36
2024-06-01,1003,First Solar,1858.24
2024-06-01,1002,OSRAM,2200.96
2024-06-01,1004,Celestica,1493.02
2024-06-02,1005,Intel,4760.84
2024-06-02,1002,OSRAM,2786.7
2024-06-02,1006,Siltera,1193.62
2024-06-03,1004,Celestica,4326.94
2024-06-03,1001,AT&S,4635.62
2024-06-03,1006,Siltera,1882.43
2024-06-03,1003,First Solar,653.88
2024-06-03,1005,Intel,2716.6
2024-06-05,1003,First Solar,1228.69
2024-06-05,1001,AT&S,1171.61
2024-06-05,1002,OSRAM,1421.94
2024-06-06,1002,OSRAM,2114.61
2024-06-06,1001,AT&S,311.31
2024-06-06,1005,Intel,917.85
2024-06-07,1001,AT&S,3344.41
2024-06-08,1002,OSRAM,2821.56
2024-06-08,1005,Intel,427.29
2024-06-09,1005,Intel,4920.33
2024-06-09,1002,OSRAM,1766.87
2024-06-09,1004,Celestica,721.42
2024-06-09,1003,First Solar,3359.87
2024-06-10,1005,Intel,3607.47
2024-06-11,1001,AT&S,4254.07
2024-06-11,1003,First Solar,3767.94
2024-06-11,1006,Siltera,883.85
2024-06-11,1005,Intel,4076.34
2024-06-13,1003,First Solar,2894.06
2024-06-13,1001,AT&S,2347.5
2024-06-13,1004,Celestica,3910.76
2024-06-14,1004,Celestica,2949.91
2024-06-14,1003,First Solar,2443.38
2024-06-14,1002,OSRAM,2791.65
2024-06-15,1004,Celestica,1849.07
2024-06-15,1003,First Solar,678.28
2024-06-15,1001,AT&S,3262.34
2024-06-16,1003,First Solar,4088.92
2024-06-16,1001,AT&S,3948.55
2024-06-19,1004,Celestica,3162.26
2024-06-19,1002,OSRAM,4176.59
2024-06-19,1001,AT&S,730.6
2024-06-20,1002,OSRAM,3968.3
2024-06-20,1003,First Solar,1589.53
2024-06-20,1004,Celestica,2870.4
2024-06-20,1001,AT&S,899.3
2024-06-20,1006,Siltera,4924.73
2024-06-21,1001,AT&S,4788.38
2024-06-21,1002,OSRAM,3016.41
2024-06-21,1005,Intel,2546.14
2024-06-22,1002,OSRAM,109.23
2024-06-22,1003,First Solar,1518.44
2024-06-22,1006,Siltera,1712.26
2024-06-24,1002,OSRAM,4357.97
2024-06-24,1006,Siltera,3562.42
2024-06-24,1004,Celestica,4741.63
2024-06-25,1003,First Solar,3305.54
2024-06-25,1005,Intel,1187.06
2024-06-27,1004,Celestica,4522.15
2024-06-27,1006,Siltera,3558.02
2024-06-27,1001,AT&S,3737.56
2024-06-27,1003,First Solar,3818.02
2024-06-27,1002,OSRAM,983.12
2024-06-29,1006,Siltera,3180.12
2024-06-30,1001,AT&S,546.16
2024-06-30,1006,Siltera,3495.74
2024-06-30,1003,First Solar,4013.86
2024-07-01,1003,First Solar,690.54
2024-07-01,1004,Celestica,3108.03
2024-07-01,1005,Intel,3907.19
2024-07-01,1001,AT&S,4315.66
2024-07-02,1005,Intel,3999.58
2024-07-04,1001,AT&S,4286.68
2024-07-04,1004,Celestica,4725.48
2024-07-05,1006,Siltera,3284.18
2024-07-06,1005,Intel,1377.53
2024-07-06,1002,OSRAM,2266.24
2024-07-06,1003,First Solar,363.66
2024-07-08,1002,OSRAM,2486.84
2024-07-08,1004,Celestica,3427.92
2024-07-08,1003,First Solar,1594.93
2024-07-09,1003,First Solar,2013.64
2024-07-09,1002,OSRAM,345.53
2024-07-10,1001,AT&S,2463.72
2024-07-10,1004,Celestica,4039.32
2024-07-10,1002,OSRAM,2571.81
2024-07-10,1003,First Solar,2623.24
2024-07-10,1006,Siltera,2926.6
2024-07-12,1002,OSRAM,4310.44
2024-07-12,1005,Intel,1749.3
2024-07-12,1006,Siltera,986.75
2024-07-12,1003,First Solar,2481.61
2024-07-12,1001,AT&S,2508.15
2024-07-13,1005,Intel,4057.77
2024-07-13,1004,Celestica,3148.52
2024-07-14,1003,First Solar,829.15
2024-07-14,1001,AT&S,1137.86
2024-07-14,1005,Intel,3397.84
2024-07-14,1006,Siltera,3964.07
2024-07-15,1005,Intel,2767.63
2024-07-15,1001,AT&S,4187.56
2024-07-15,1003,First Solar,1401.1
2024-07-15,1006,Siltera,2774.78
2024-07-16,1006,Siltera,3613.11
2024-07-16,1005,Intel,736.83
2024-07-16,1004,Celestica,461.76
2024-07-16,1001,AT&S,2027.49
2024-07-18,1001,AT&S,655.89
2024-07-18,1002,OSRAM,4353.84
2024-07-18,1006,Siltera,4479.09
2024-07-18,1003,First Solar,185.12
2024-07-18,1005,Intel,4614.96
2024-07-19,1005,Intel,4650.18
2024-07-19,1002,OSRAM,203.77
2024-07-19,1006,Siltera,4853.44
2024-07-20,1002,OSRAM,4821.58
2024-07-20,1003,First Solar,194.75
2024-07-20,1005,Intel,4861.24
2024-07-20,1001,AT&S,4868.05
2024-07-20,1004,Celestica,3215.59
2024-07-21,1001,AT&S,4337.55
2024-07-21,1005,Intel,4383.65
2024-07-21,1004,Celestica,670.8
2024-07-23,1006,Siltera,1151.5
2024-07-24,1004,Celestica,1146.62
2024-07-24,1005,Intel,2763.27
2024-07-24,1001,AT&S,4992.94
2024-07-25,1003,First Solar,2716.25
2024-07-25,1001,AT&S,3368.46
2024-07-25,1002,OSRAM,4812.74
2024-07-26,1006,Siltera,1881.18
2024-07-26,1004,Celestica,3786.36
2024-07-26,1002,OSRAM,4912.28
2024-07-26,1003,First Solar,2009.02
2024-07-26,1001,AT&S,1583.85
2024-07-27,1005,Intel,4150.54
2024-07-27,1001,AT&S,4337.16
2024-07-27,1004,Celestica,4844.87
2024-07-27,1003,First Solar,325.75
2024-07-28,1004,Celestica,4026.79
2024-07-28,1002,OSRAM,1288.08
2024-07-28,1006,Siltera,2528.73
2024-07-28,1001,AT&S,3620.24
2024-07-29,1003,First Solar,3063.14
2024-07-29,1004,Celestica,3386.7
2024-07-29,1006,Siltera,1369.24
2024-07-29,1002,OSRAM,1451.94
2024-07-29,1001,AT&S,2103.61
2024-07-30,1004,Celestica,3843.24
2024-07-30,1003,First Solar,1297.84
2024-07-30,1006,Siltera,4689.39
2024-08-01,1004,Celestica,4036.31
2024-08-02,1003,First Solar,752.23
2024-08-02,1005,Intel,4375.14
2024-08-02,1006,Siltera,4308.23
2024-08-02,1002,OSRAM,4526.27
2024-08-03,1004,Celestica,3060.76
2024-08-04,1002,OSRAM,3998.64
2024-08-05,1001,AT&S,3142.19
2024-08-05,1005,Intel,2095.28
2024-08-05,1002,OSRAM,1820.67
2024-08-05,1006,Siltera,4812.15
2024-08-06,1001,AT&S,3814.96
2024-08-06,1002,OSRAM,3381.03
2024-08-06,1004,Celestica,1746.78
2024-08-07,1002,OSRAM,1459.78
2024-08-07,1005,Intel,772.49
2024-08-08,1003,First Solar,146.98
2024-08-08,1006,Siltera,1401.11
2024-08-08,1005,Intel,2922.39
2024-08-08,1004,Celestica,802.16
2024-08-08,1002,OSRAM,4536.22
2024-08-09,1003,First Solar,4327.84
2024-08-09,1005,Intel,1085.26
2024-08-09,1001,AT&S,105.28
2024-08-10,1001,AT&S,315.26
2024-08-11,1004,Celestica,2190.9
2024-08-11,1005,Intel,374.16
2024-08-12,1006,Siltera,1500.09
2024-08-12,1001,AT&S,2041.61
2024-08-12,1004,Celestica,3534.89
2024-08-13,1005,Intel,4249.26
2024-08-13,1004,Celestica,108.11
2024-08-13,1002,OSRAM,460.51
2024-08-14,1005,Intel,1793.97
2024-08-14,1004,Celestica,2365.69
2024-08-14,1001,AT&S,1605.29
2024-08-14,1002,OSRAM,1324.53
2024-08-15,1005,Intel,562.43
2024-08-16,1005,Intel,2122.38
2024-08-16,1004,Celestica,1297.85
2024-08-16,1001,AT&S,4442.6
2024-08-17,1001,AT&S,2516.74
2024-08-17,1002,OSRAM,398.58
2024-08-17,1005,Intel,879.59
2024-08-17,1004,Celestica,2515.83
2024-08-18,1001,AT&S,4318.71
2024-08-18,1006,Siltera,673.46
2024-08-18,1002,OSRAM,4466.39
2024-08-18,1003,First Solar,4647.03
2024-08-18,1004,Celestica,4006.29
2024-08-20,1006,Siltera,4937.06
2024-08-20,1001,AT&S,4998.64
2024-08-20,1002,OSRAM,4188.28
2024-08-21,1002,OSRAM,928.04
2024-08-21,1003,First Solar,3911.03
2024-08-21,1001,AT&S,3746.62
2024-08-21,1006,Siltera,1245.2
2024-08-22,1005,Intel,2695.7
2024-08-23,1004,Celestica,3978.04
2024-08-23,1003,First Solar,799.5
2024-08-25,1001,AT&S,2249.16
2024-08-25,1004,Celestica,1287.61
2024-08-25,1003,First Solar,4336.37
2024-08-25,1006,Siltera,1632.98
2024-08-26,1006,Siltera,3788.41
2024-08-26,1003,First Solar,4755.84
2024-08-26,1004,Celestica,2161.8
2024-08-27,1002,OSRAM,4857.98
2024-08-27,1006,Siltera,3965.33
2024-08-27,1005,Intel,830.2
2024-08-27,1003,First Solar,4585.7
2024-08-28,1002,OSRAM,3295.28
2024-08-28,1006,Siltera,2388.27
2024-08-30,1003,First Solar,692.36
2024-08-30,1005,Intel,578.23
2024-08-30,1006,Siltera,4231.58
2024-08-31,1005,Intel,1466.4
2024-08-31,1001,AT&S,1062.59
2024-08-31,1003,First Solar,2910.17
2024-09-01,1002,OSRAM,3703.03
2024-09-02,1006,Siltera,626.7
2024-09-02,1004,Celestica,1691.83
2024-09-02,1003,First Solar,2697.03
2024-09-02,1001,AT&S,488.02
2024-09-02,1002,OSRAM,4848.95
2024-09-03,1005,Intel,4446.25
2024-09-04,1006,Siltera,1126.23
2024-09-04,1001,AT&S,4339.95
2024-09-05,1003,First Solar,1907.07
2024-09-05,1006,Siltera,4402.57
2024-09-05,1002,OSRAM,154.31
2024-09-05,1001,AT&S,4452.93
2024-09-06,1006,Siltera,2442.5
2024-09-06,1003,First Solar,2604.13
2024-09-06,1002,OSRAM,3432.84
2024-09-06,1004,Celestica,3393.23
2024-09-07,1004,Celestica,3875.76
2024-09-07,1001,AT&S,1734.43
2024-09-07,1005,Intel,4100.53
2024-09-07,1002,OSRAM,3487.68
2024-09-07,1006,Siltera,520.95
2024-09-08,1002,OSRAM,737.7
2024-09-08,1004,Celestica,4864.13
2024-09-08,1005,Intel,4166.28
2024-09-09,1003,First Solar,1825.74
2024-09-10,1004,Celestica,3338.53
2024-09-10,1006,Siltera,1095.82
2024-09-11,1005,Intel,3649.77
2024-09-11,1003,First Solar,3535.63
2024-09-11,1001,AT&S,1787.74
2024-09-11,1004,Celestica,4350.15
2024-09-11,1002,OSRAM,4346.19
2024-09-13,1005,Intel,1992.9
2024-09-14,1003,First Solar,2952.05
2024-09-14,1005,Intel,1066.95
2024-09-14,1001,AT&S,4817.32
2024-09-16,1004,Celestica,2811.57
2024-09-16,1002,OSRAM,2051.83
2024-09-16,1005,Intel,4682.85
2024-09-16,1001,AT&S,4286.05
2024-09-17,1001,AT&S,1208.89
2024-09-17,1004,Celestica,4772.49
2024-09-17,1006,Siltera,2284.83
2024-09-17,1003,First Solar,859.25
2024-09-18,1002,OSRAM,686.93
2024-09-18,1003,First Solar,4928.79
2024-09-18,1006,Siltera,4220.67
2024-09-18,1005,Intel,2562.66
2024-09-18,1001,AT&S,1333.82
2024-09-19,1006,Siltera,4679.38
2024-09-19,1002,OSRAM,4999.25
2024-09-19,1001,AT&S,2447.25
2024-09-19,1004,Celestica,3006.84
2024-09-19,1005,Intel,2286.56
2024-09-20,1003,First Solar,4349.75
2024-09-20,1006,Siltera,4498.14
2024-09-20,1004,Celestica,3892.1
2024-09-20,1005,Intel,2638.09
2024-09-20,1001,AT&S,1584.06
2024-09-21,1004,Celestica,3790.37
2024-09-22,1001,AT&S,4739.8
2024-09-23,1004,Celestica,1392.78
2024-09-23,1003,First Solar,4945.79
2024-09-25,1003,First Solar,553.69
2024-09-25,1004,Celestica,1815.45
2024-09-26,1003,First Solar,3646.51
2024-09-26,1001,AT&S,3370.28
2024-09-26,1005,Intel,654.97
2024-09-29,1005,Intel,4498.39
2024-09-30,1006,Siltera,2942.13
2024-09-30,1003,First Solar,2785.8
2024-09-30,1005,Intel,727.36
2024-10-01,1005,Intel,2562.91
2024-10-01,1003,First Solar,2027.07
2024-10-01,1004,Celestica,563.98
2024-10-02,1006,Siltera,2576.21
2024-10-02,1004,Celestica,993.06
2024-10-02,1002,OSRAM,834.07
2024-10-02,1003,First Solar,3837.29
2024-10-02,1005,Intel,1541.75
2024-10-03,1003,First Solar,321.59
2024-10-04,1005,Intel,955.0
2024-10-04,1003,First Solar,3061.12
2024-10-04,1002,OSRAM,4049.47
2024-10-04,1006,Siltera,1135.51
2024-10-04,1001,AT&S,4967.96
2024-10-05,1006,Siltera,4878.78
2024-10-05,1003,First Solar,283.86
2024-10-05,1001,AT&S,2714.78
2024-10-06,1004,Celestica,3868.39
2024-10-06,1001,AT&S,2202.09
2024-10-07,1003,First Solar,3562.01
2024-10-09,1003,First Solar,4776.52
2024-10-09,1001,AT&S,2133.5
2024-10-10,1002,OSRAM,1914.24
2024-10-10,1004,Celestica,1103.4
2024-10-12,1003,First Solar,4208.97
2024-10-12,1005,Intel,897.73
2024-10-12,1001,AT&S,1784.72
2024-10-13,1006,Siltera,2186.28
2024-10-13,1001,AT&S,1969.7
2024-10-14,1006,Siltera,4552.45
2024-10-14,1002,OSRAM,4383.75
2024-10-14,1001,AT&S,1878.4
2024-10-14,1005,Intel,4254.42
2024-10-15,1002,OSRAM,3364.9
2024-10-15,1003,First Solar,2312.52
2024-10-15,1001,AT&S,1644.14
2024-10-15,1004,Celestica,681.66
2024-10-17,1001,AT&S,391.69
2024-10-17,1005,Intel,226.6
2024-10-17,1004,Celestica,1691.69
2024-10-17,1006,Siltera,849.04
2024-10-17,1002,OSRAM,4441.31
2024-10-18,1003,First Solar,1660.21
2024-10-19,1002,OSRAM,1020.62
2024-10-19,1004,Celestica,897.61
2024-10-19,1006,Siltera,1447.47
2024-10-19,1001,AT&S,3530.19
2024-10-19,1005,Intel,3458.98
2024-10-20,1003,First Solar,4920.48
2024-10-20,1002,OSRAM,3388.99
2024-10-20,1006,Siltera,2286.04
2024-10-20,1005,Intel,977.05
2024-10-21,1002,OSRAM,2475.87
2024-10-21,1006,Siltera,4698.36
2024-10-21,1005,Intel,3071.44
2024-10-21,1004,Celestica,1503.37
2024-10-21,1003,First Solar,2668.53
2024-10-22,1001,AT&S,2352.5
2024-10-22,1002,OSRAM,4042.18
2024-10-23,1002,OSRAM,2371.76
2024-10-23,1006,Siltera,4168.81
2024-10-23,1003,First Solar,3480.53
2024-10-23,1005,Intel,2019.75
2024-10-23,1001,AT&S,4470.16
2024-10-24,1004,Celestica,4814.52
2024-10-24,1003,First Solar,4242.17
2024-10-24,1002,OSRAM,2030.58
2024-10-25,1003,First Solar,934.25
2024-10-25,1002,OSRAM,3944.32
2024-10-25,1005,Intel,806.6
2024-10-25,1004,Celestica,960.56
2024-10-26,1005,Intel,3037.31
2024-10-26,1002,OSRAM,471.51
2024-10-26,1006,Siltera,4216.01
2024-10-26,1001,AT&S,571.18
2024-10-26,1004,Celestica,3780.43
2024-10-27,1004,Celestica,629.26
2024-10-28,1006,Siltera,1656.02
2024-10-28,1005,Intel,4832.4
